Workbook

Sheet Column Name
A1: Column Name | B1: Mapping to Existing DB Schema | C1: Data Type | D1: Data Example | E1: Indonesia | F1: Expat | G1: HR | H1: Finance | I1: All Admin | J1: IS New | K1: Table Name
A2: Insurance (Endorsment) | B2: insurance_endorsement | C2: =VLOOKUP([1]!Table2[[#This Row],[Column Name]],'[1]Database Schema Proposed V2'!$A:$H,8,FALSE) -> BIT | D2: 0 (0,1) | E2: Y | F2: Y | G2: Y | H2: Y | I2: Y | J2: =VLOOKUP([1]!Table2[[#This Row],[Mapping to Existing DB Schema]],'[1]Database Schema Proposed V2'!$K:$O,5,FALSE) -> NO | K2: =VLOOKUP([1]!Table2[[#This Row],[Mapping to Existing DB Schema]],'[1]Database Schema Proposed V2'!$Q:$R,2,FALSE) -> employee_insurance
A3: Insurance Card Owlexa | B3: insurance_owlexa | C3: =VLOOKUP([1]!Table2[[#This Row],[Column Name]],'[1]Database Schema Proposed V2'!$A:$H,8,FALSE) -> BIT | D3: 1 (0,1) | E3: Y | F3: Y | G3: Y | H3: Y | I3: Y | J3: =VLOOKUP([1]!Table2[[#This Row],[Mapping to Existing DB Schema]],'[1]Database Schema Proposed V2'!$K:$O,5,FALSE) -> NO | K3: =VLOOKUP([1]!Table2[[#This Row],[Mapping to Existing DB Schema]],'[1]Database Schema Proposed V2'!$Q:$R,2,FALSE) -> employee_insurance
A4: Insurance Card FPG | B4: insurance_fpg | C4: =VLOOKUP([1]!Table2[[#This Row],[Column Name]],'[1]Database Schema Proposed V2'!$A:$H,8,FALSE) -> BIT | D4: 0 (0,1) | E4: Y | F4: Y | G4: Y | H4: Y | I4: Y | J4: =VLOOKUP([1]!Table2[[#This Row],[Mapping to Existing DB Schema]],'[1]Database Schema Proposed V2'!$K:$O,5,FALSE) -> NO | K4: =VLOOKUP([1]!Table2[[#This Row],[Mapping to Existing DB Schema]],'[1]Database Schema Proposed V2'!$Q:$R,2,FALSE) -> employee_insurance
A5: Emp. ID | B5: employee_id | C5: =VLOOKUP([1]!Table2[[#This Row],[Column Name]],'[1]Database Schema Proposed V2'!$A:$H,8,FALSE) -> VARCHAR(20) | D5: MTI12345 (Free Text) | E5: Y | F5: Y | G5: Y | H5: Y | I5: Y | J5: =VLOOKUP([1]!Table2[[#This Row],[Mapping to Existing DB Schema]],'[1]Database Schema Proposed V2'!$K:$O,5,FALSE) -> NO | K5: =VLOOKUP([1]!Table2[[#This Row],[Mapping to Existing DB Schema]],'[1]Database Schema Proposed V2'!$Q:$R,2,FALSE) -> employee_bank, employee_contact, employee_core, employee_employment, employee_insurance, employee_onboard, employee_travel
A6: IMIP ID | B6: imip_id | C6: =VLOOKUP([1]!Table2[[#This Row],[Column Name]],'[1]Database Schema Proposed V2'!$A:$H,8,FALSE) -> VARCHAR(20) | D6: IMIP77889 (Free Text) | E6: Y | G6: Y | H6: =VLOOKUP('Column Name'!$B6,[2]Sheet2!$D:$F,3,FALSE) -> Y | I6: Y | J6: =VLOOKUP([1]!Table2[[#This Row],[Mapping to Existing DB Schema]],'[1]Database Schema Proposed V2'!$K:$O,5,FALSE) -> NO | K6: =VLOOKUP([1]!Table2[[#This Row],[Mapping to Existing DB Schema]],'[1]Database Schema Proposed V2'!$Q:$R,2,FALSE) -> employee_core
A7: Employee Name | B7: name | C7: =VLOOKUP([1]!Table2[[#This Row],[Column Name]],'[1]Database Schema Proposed V2'!$A:$H,8,FALSE) -> VARCHAR(100) | D7: Andi Saputra (Free Text) | E7: Y | F7: Y | G7: Y | H7: Y | I7: Y | J7: =VLOOKUP([1]!Table2[[#This Row],[Mapping to Existing DB Schema]],'[1]Database Schema Proposed V2'!$K:$O,5,FALSE) -> NO | K7: =VLOOKUP([1]!Table2[[#This Row],[Mapping to Existing DB Schema]],'[1]Database Schema Proposed V2'!$Q:$R,2,FALSE) -> employee_core
A8: Gender | B8: gender | C8: =VLOOKUP([1]!Table2[[#This Row],[Column Name]],'[1]Database Schema Proposed V2'!$A:$H,8,FALSE) -> VARCHAR(10) | D8: Male (Dropdown: Male,Female) | E8: Y | F8: Y | G8: Y | H8: Y | I8: Y | J8: =VLOOKUP([1]!Table2[[#This Row],[Mapping to Existing DB Schema]],'[1]Database Schema Proposed V2'!$K:$O,5,FALSE) -> NO | K8: =VLOOKUP([1]!Table2[[#This Row],[Mapping to Existing DB Schema]],'[1]Database Schema Proposed V2'!$Q:$R,2,FALSE) -> employee_core
A9: Place of Birth | B9: place_of_birth | C9: =VLOOKUP([1]!Table2[[#This Row],[Column Name]],'[1]Database Schema Proposed V2'!$A:$H,8,FALSE) -> VARCHAR(50) | D9: Jakarta (Free Text) | E9: Y | F9: Y | G9: Y | I9: Y | J9: =VLOOKUP([1]!Table2[[#This Row],[Mapping to Existing DB Schema]],'[1]Database Schema Proposed V2'!$K:$O,5,FALSE) -> NO | K9: =VLOOKUP([1]!Table2[[#This Row],[Mapping to Existing DB Schema]],'[1]Database Schema Proposed V2'!$Q:$R,2,FALSE) -> employee_core
A10: Date of Birth | B10: date_of_birth | C10: =VLOOKUP([1]!Table2[[#This Row],[Column Name]],'[1]Database Schema Proposed V2'!$A:$H,8,FALSE) -> DATE | D10: 32975 | E10: Y | F10: Y | G10: Y | I10: Y | J10: =VLOOKUP([1]!Table2[[#This Row],[Mapping to Existing DB Schema]],'[1]Database Schema Proposed V2'!$K:$O,5,FALSE) -> NO | K10: =VLOOKUP([1]!Table2[[#This Row],[Mapping to Existing DB Schema]],'[1]Database Schema Proposed V2'!$Q:$R,2,FALSE) -> employee_core
A11: Age | B11: age | C11: =VLOOKUP([1]!Table2[[#This Row],[Column Name]],'[1]Database Schema Proposed V2'!$A:$H,8,FALSE) -> INT | D11: 34 (Calculated) | E11: Y | F11: Y | G11: Y | I11: Y | J11: =VLOOKUP([1]!Table2[[#This Row],[Mapping to Existing DB Schema]],'[1]Database Schema Proposed V2'!$K:$O,5,FALSE) -> NO | K11: =VLOOKUP([1]!Table2[[#This Row],[Mapping to Existing DB Schema]],'[1]Database Schema Proposed V2'!$Q:$R,2,FALSE) -> employee_core
A12: Marital Status | B12: marital_status | C12: =VLOOKUP([1]!Table2[[#This Row],[Column Name]],'[1]Database Schema Proposed V2'!$A:$H,8,FALSE) -> VARCHAR(20) | D12: Married (Dropdown: Single,Married,Divorced,Widowed) | E12: Y | F12: Y | G12: Y | H12: Y | I12: Y | J12: =VLOOKUP([1]!Table2[[#This Row],[Mapping to Existing DB Schema]],'[1]Database Schema Proposed V2'!$K:$O,5,FALSE) -> NO | K12: =VLOOKUP([1]!Table2[[#This Row],[Mapping to Existing DB Schema]],'[1]Database Schema Proposed V2'!$Q:$R,2,FALSE) -> employee_core
A13: Tax Status | B13: tax_status | C13: =VLOOKUP([1]!Table2[[#This Row],[Column Name]],'[1]Database Schema Proposed V2'!$A:$H,8,FALSE) -> VARCHAR(10) | D13: TK0 (Dropdown: TK0,TK1,TK2,TK3,K0,K1,K2,K3) | E13: Y | F13: Y | G13: Y | I13: Y | J13: =VLOOKUP([1]!Table2[[#This Row],[Mapping to Existing DB Schema]],'[1]Database Schema Proposed V2'!$K:$O,5,FALSE) -> NO | K13: =VLOOKUP([1]!Table2[[#This Row],[Mapping to Existing DB Schema]],'[1]Database Schema Proposed V2'!$Q:$R,2,FALSE) -> employee_core
A14: Spouse Name | B14: spouse_name | C14: =VLOOKUP([1]!Table2[[#This Row],[Column Name]],'[1]Database Schema Proposed V2'!$A:$H,8,FALSE) -> VARCHAR(100) | D14: Siti Aminah (Free Text) | E14: Y | G14: Y | H14: Y | I14: Y | J14: =VLOOKUP([1]!Table2[[#This Row],[Mapping to Existing DB Schema]],'[1]Database Schema Proposed V2'!$K:$O,5,FALSE) -> NO | K14: =VLOOKUP([1]!Table2[[#This Row],[Mapping to Existing DB Schema]],'[1]Database Schema Proposed V2'!$Q:$R,2,FALSE) -> employee_contact
A15: Child Name 1 | B15: child_name_1 | C15: =VLOOKUP([1]!Table2[[#This Row],[Column Name]],'[1]Database Schema Proposed V2'!$A:$H,8,FALSE) -> VARCHAR(100) | D15: Budi (Free Text) | E15: Y | G15: Y | H15: Y | I15: Y | J15: =VLOOKUP([1]!Table2[[#This Row],[Mapping to Existing DB Schema]],'[1]Database Schema Proposed V2'!$K:$O,5,FALSE) -> NO | K15: =VLOOKUP([1]!Table2[[#This Row],[Mapping to Existing DB Schema]],'[1]Database Schema Proposed V2'!$Q:$R,2,FALSE) -> employee_contact
A16: Child Name 2 | B16: child_name_2 | C16: =VLOOKUP([1]!Table2[[#This Row],[Column Name]],'[1]Database Schema Proposed V2'!$A:$H,8,FALSE) -> VARCHAR(100) | D16: Sari (Free Text) | E16: Y | G16: Y | H16: Y | I16: Y | J16: =VLOOKUP([1]!Table2[[#This Row],[Mapping to Existing DB Schema]],'[1]Database Schema Proposed V2'!$K:$O,5,FALSE) -> NO | K16: =VLOOKUP([1]!Table2[[#This Row],[Mapping to Existing DB Schema]],'[1]Database Schema Proposed V2'!$Q:$R,2,FALSE) -> employee_contact
A17: Child Name 3 | B17: child_name_3 | C17: =VLOOKUP([1]!Table2[[#This Row],[Column Name]],'[1]Database Schema Proposed V2'!$A:$H,8,FALSE) -> VARCHAR(100) | D17: – (Free Text) | E17: Y | G17: Y | H17: Y | I17: Y | J17: =VLOOKUP([1]!Table2[[#This Row],[Mapping to Existing DB Schema]],'[1]Database Schema Proposed V2'!$K:$O,5,FALSE) -> NO | K17: =VLOOKUP([1]!Table2[[#This Row],[Mapping to Existing DB Schema]],'[1]Database Schema Proposed V2'!$Q:$R,2,FALSE) -> employee_contact
A18: Religion | B18: religion | C18: =VLOOKUP([1]!Table2[[#This Row],[Column Name]],'[1]Database Schema Proposed V2'!$A:$H,8,FALSE) -> VARCHAR(30) | D18: Islam (Dropdown: Islam,Kristen Protestan,Katolik,Hindu,Buddha,Konghucu,Lainnya) | E18: Y | F18: Y | G18: Y | I18: Y | J18: =VLOOKUP([1]!Table2[[#This Row],[Mapping to Existing DB Schema]],'[1]Database Schema Proposed V2'!$K:$O,5,FALSE) -> NO | K18: =VLOOKUP([1]!Table2[[#This Row],[Mapping to Existing DB Schema]],'[1]Database Schema Proposed V2'!$Q:$R,2,FALSE) -> employee_core
A19: Nationality | B19: nationality | C19: =VLOOKUP([1]!Table2[[#This Row],[Column Name]],'[1]Database Schema Proposed V2'!$A:$H,8,FALSE) -> VARCHAR(50) | D19: Indonesia (Dropdown: Indonesia,China,Philippines,India,Thailand,Malaysia,Vietnam,Other) | E19: Y | F19: Y | G19: Y | I19: Y | J19: =VLOOKUP([1]!Table2[[#This Row],[Mapping to Existing DB Schema]],'[1]Database Schema Proposed V2'!$K:$O,5,FALSE) -> NO | K19: =VLOOKUP([1]!Table2[[#This Row],[Mapping to Existing DB Schema]],'[1]Database Schema Proposed V2'!$Q:$R,2,FALSE) -> employee_core
A20: Blood Type | B20: blood_type | C20: =VLOOKUP([1]!Table2[[#This Row],[Column Name]],'[1]Database Schema Proposed V2'!$A:$H,8,FALSE) -> VARCHAR(5) | D20: O (Dropdown: A,B,AB,O,A+,B+,O+,AB+) | E20: Y | F20: Y | G20: Y | I20: Y | J20: =VLOOKUP([1]!Table2[[#This Row],[Mapping to Existing DB Schema]],'[1]Database Schema Proposed V2'!$K:$O,5,FALSE) -> NO | K20: =VLOOKUP([1]!Table2[[#This Row],[Mapping to Existing DB Schema]],'[1]Database Schema Proposed V2'!$Q:$R,2,FALSE) -> employee_core
A21: Mobile Phone | B21: phone_number | C21: =VLOOKUP([1]!Table2[[#This Row],[Column Name]],'[1]Database Schema Proposed V2'!$A:$H,8,FALSE) -> VARCHAR(20) | D21: 081234567890 (Free Text) | E21: Y | F21: Y | G21: Y | H21: Y | I21: Y | J21: =VLOOKUP([1]!Table2[[#This Row],[Mapping to Existing DB Schema]],'[1]Database Schema Proposed V2'!$K:$O,5,FALSE) -> NO | K21: =VLOOKUP([1]!Table2[[#This Row],[Mapping to Existing DB Schema]],'[1]Database Schema Proposed V2'!$Q:$R,2,FALSE) -> employee_contact
A22: Emergency Contact Name | B22: emergency_contact_name | C22: =VLOOKUP([1]!Table2[[#This Row],[Column Name]],'[1]Database Schema Proposed V2'!$A:$H,8,FALSE) -> VARCHAR(100) | D22: Rudi (Free Text) | E22: Y | G22: Y | I22: Y | J22: =VLOOKUP([1]!Table2[[#This Row],[Mapping to Existing DB Schema]],'[1]Database Schema Proposed V2'!$K:$O,5,FALSE) -> NO | K22: =VLOOKUP([1]!Table2[[#This Row],[Mapping to Existing DB Schema]],'[1]Database Schema Proposed V2'!$Q:$R,2,FALSE) -> employee_contact
A23: Emergency Contact Phone | B23: emergency_contact_phone | C23: =VLOOKUP([1]!Table2[[#This Row],[Column Name]],'[1]Database Schema Proposed V2'!$A:$H,8,FALSE) -> VARCHAR(20) | D23: 081298765432 (Free Text) | E23: Y | G23: Y | I23: Y | J23: =VLOOKUP([1]!Table2[[#This Row],[Mapping to Existing DB Schema]],'[1]Database Schema Proposed V2'!$K:$O,5,FALSE) -> NO | K23: =VLOOKUP([1]!Table2[[#This Row],[Mapping to Existing DB Schema]],'[1]Database Schema Proposed V2'!$Q:$R,2,FALSE) -> employee_contact
A24: Kartu Keluarga No | B24: kartu_keluarga_no | C24: =VLOOKUP([1]!Table2[[#This Row],[Column Name]],'[1]Database Schema Proposed V2'!$A:$H,8,FALSE) -> VARCHAR(25) | D24: 3275XXXXXXXX (Free Text) | E24: Y | G24: Y | H24: Y | I24: Y | J24: =VLOOKUP([1]!Table2[[#This Row],[Mapping to Existing DB Schema]],'[1]Database Schema Proposed V2'!$K:$O,5,FALSE) -> NO | K24: =VLOOKUP([1]!Table2[[#This Row],[Mapping to Existing DB Schema]],'[1]Database Schema Proposed V2'!$Q:$R,2,FALSE) -> employee_core
A25: KTP No | B25: ktp_no | C25: =VLOOKUP([1]!Table2[[#This Row],[Column Name]],'[1]Database Schema Proposed V2'!$A:$H,8,FALSE) -> VARCHAR(20) | D25: 3174XXXXXXXX (Free Text) | E25: Y | F25: Y | G25: Y | I25: Y | J25: =VLOOKUP([1]!Table2[[#This Row],[Mapping to Existing DB Schema]],'[1]Database Schema Proposed V2'!$K:$O,5,FALSE) -> NO | K25: =VLOOKUP([1]!Table2[[#This Row],[Mapping to Existing DB Schema]],'[1]Database Schema Proposed V2'!$Q:$R,2,FALSE) -> employee_core
A26: KTP Address | B26: address | C26: =VLOOKUP([1]!Table2[[#This Row],[Column Name]],'[1]Database Schema Proposed V2'!$A:$H,8,FALSE) -> VARCHAR(255) | D26: Jl. Mawar No. 12 (Free Text) | E26: Y | F26: Y | G26: Y | H26: =VLOOKUP('Column Name'!$B26,[2]Sheet2!$D:$F,3,FALSE) -> Y | I26: Y | J26: =VLOOKUP([1]!Table2[[#This Row],[Mapping to Existing DB Schema]],'[1]Database Schema Proposed V2'!$K:$O,5,FALSE) -> NO | K26: =VLOOKUP([1]!Table2[[#This Row],[Mapping to Existing DB Schema]],'[1]Database Schema Proposed V2'!$Q:$R,2,FALSE) -> employee_contact
A27: KTP City | B27: city | C27: =VLOOKUP([1]!Table2[[#This Row],[Column Name]],'[1]Database Schema Proposed V2'!$A:$H,8,FALSE) -> VARCHAR(100) | D27: Jakarta Barat (Free Text) | E27: Y | F27: Y | G27: Y | I27: Y | J27: =VLOOKUP([1]!Table2[[#This Row],[Mapping to Existing DB Schema]],'[1]Database Schema Proposed V2'!$K:$O,5,FALSE) -> NO | K27: =VLOOKUP([1]!Table2[[#This Row],[Mapping to Existing DB Schema]],'[1]Database Schema Proposed V2'!$Q:$R,2,FALSE) -> employee_contact
A28: Poin of Hire | B28: point_of_hire | C28: =VLOOKUP([1]!Table2[[#This Row],[Column Name]],'[1]Database Schema Proposed V2'!$A:$H,8,FALSE) -> VARCHAR(100) | D28: Jakarta (Free Text) | E28: Y | F28: Y | G28: Y | H28: Y | I28: Y | J28: =VLOOKUP([1]!Table2[[#This Row],[Mapping to Existing DB Schema]],'[1]Database Schema Proposed V2'!$K:$O,5,FALSE) -> NO | K28: =VLOOKUP([1]!Table2[[#This Row],[Mapping to Existing DB Schema]],'[1]Database Schema Proposed V2'!$Q:$R,2,FALSE) -> employee_onboard
A29: Poin of Origin | B29: point_of_origin | C29: =VLOOKUP([1]!Table2[[#This Row],[Column Name]],'[1]Database Schema Proposed V2'!$A:$H,8,FALSE) -> VARCHAR(100) | D29: Surabaya (Free Text) | E29: Y | F29: Y | G29: Y | I29: Y | J29: =VLOOKUP([1]!Table2[[#This Row],[Mapping to Existing DB Schema]],'[1]Database Schema Proposed V2'!$K:$O,5,FALSE) -> NO | K29: =VLOOKUP([1]!Table2[[#This Row],[Mapping to Existing DB Schema]],'[1]Database Schema Proposed V2'!$Q:$R,2,FALSE) -> employee_onboard
A30: Education | B30: education | C30: =VLOOKUP([1]!Table2[[#This Row],[Column Name]],'[1]Database Schema Proposed V2'!$A:$H,8,FALSE) -> VARCHAR(50) | D30: S1 (Dropdown: SMP,SMA/SMK,D3,S1,S2,S3) | E30: Y | F30: Y | G30: Y | I30: Y | J30: =VLOOKUP([1]!Table2[[#This Row],[Mapping to Existing DB Schema]],'[1]Database Schema Proposed V2'!$K:$O,5,FALSE) -> NO | K30: =VLOOKUP([1]!Table2[[#This Row],[Mapping to Existing DB Schema]],'[1]Database Schema Proposed V2'!$Q:$R,2,FALSE) -> employee_core
A31: Schedule Type | B31: schedule_type | C31: =VLOOKUP([1]!Table2[[#This Row],[Column Name]],'[1]Database Schema Proposed V2'!$A:$H,8,FALSE) -> VARCHAR(50) | D31: Shift (Dropdown: Shift,Non-Shift,Office Hours,Roster 6:2,Roster 8:2) | E31: Y | F31: Y | G31: Y | I31: Y | J31: =VLOOKUP([1]!Table2[[#This Row],[Mapping to Existing DB Schema]],'[1]Database Schema Proposed V2'!$K:$O,5,FALSE) -> NO | K31: =VLOOKUP([1]!Table2[[#This Row],[Mapping to Existing DB Schema]],'[1]Database Schema Proposed V2'!$Q:$R,2,FALSE) -> employee_onboard
A32: First Join Date (Merdeka Group) | B32: first_join_date_merdeka | C32: =VLOOKUP([1]!Table2[[#This Row],[Column Name]],'[1]Database Schema Proposed V2'!$A:$H,8,FALSE) -> DATE | D32: 43845 | E32: Y | G32: Y | I32: Y | J32: =VLOOKUP([1]!Table2[[#This Row],[Mapping to Existing DB Schema]],'[1]Database Schema Proposed V2'!$K:$O,5,FALSE) -> NO | K32: =VLOOKUP([1]!Table2[[#This Row],[Mapping to Existing DB Schema]],'[1]Database Schema Proposed V2'!$Q:$R,2,FALSE) -> employee_onboard
A33: Transfer Merdeka Group | B33: transfer_merdeka | C33: =VLOOKUP([1]!Table2[[#This Row],[Column Name]],'[1]Database Schema Proposed V2'!$A:$H,8,FALSE) -> DATE | D33: 44621 | E33: Y | G33: Y | I33: Y | J33: =VLOOKUP([1]!Table2[[#This Row],[Mapping to Existing DB Schema]],'[1]Database Schema Proposed V2'!$K:$O,5,FALSE) -> NO | K33: =VLOOKUP([1]!Table2[[#This Row],[Mapping to Existing DB Schema]],'[1]Database Schema Proposed V2'!$Q:$R,2,FALSE) -> employee_onboard
A34: First Join Date | B34: first_join_date | C34: =VLOOKUP([1]!Table2[[#This Row],[Column Name]],'[1]Database Schema Proposed V2'!$A:$H,8,FALSE) -> DATE | D34: 43845 | E34: Y | F34: Y | G34: Y | H34: Y | I34: Y | J34: =VLOOKUP([1]!Table2[[#This Row],[Mapping to Existing DB Schema]],'[1]Database Schema Proposed V2'!$K:$O,5,FALSE) -> NO | K34: =VLOOKUP([1]!Table2[[#This Row],[Mapping to Existing DB Schema]],'[1]Database Schema Proposed V2'!$Q:$R,2,FALSE) -> employee_onboard
A35: Join Date | B35: join_date | C35: =VLOOKUP([1]!Table2[[#This Row],[Column Name]],'[1]Database Schema Proposed V2'!$A:$H,8,FALSE) -> DATE | D35: 43862 | E35: Y | F35: Y | G35: Y | I35: Y | J35: =VLOOKUP([1]!Table2[[#This Row],[Mapping to Existing DB Schema]],'[1]Database Schema Proposed V2'!$K:$O,5,FALSE) -> NO | K35: =VLOOKUP([1]!Table2[[#This Row],[Mapping to Existing DB Schema]],'[1]Database Schema Proposed V2'!$Q:$R,2,FALSE) -> employee_onboard
A36: Employment Status | B36: employment_status | C36: =VLOOKUP([1]!Table2[[#This Row],[Column Name]],'[1]Database Schema Proposed V2'!$A:$H,8,FALSE) -> VARCHAR(30) | D36: Permanent (Dropdown: Permanent,Contract,Probation,Internship) | E36: Y | F36: Y | G36: Y | H36: Y | I36: Y | J36: =VLOOKUP([1]!Table2[[#This Row],[Mapping to Existing DB Schema]],'[1]Database Schema Proposed V2'!$K:$O,5,FALSE) -> #N/A | K36: =VLOOKUP([1]!Table2[[#This Row],[Mapping to Existing DB Schema]],'[1]Database Schema Proposed V2'!$Q:$R,2,FALSE) -> employee_employment
A37: End Contract | B37: end_contract | C37: =VLOOKUP([1]!Table2[[#This Row],[Column Name]],'[1]Database Schema Proposed V2'!$A:$H,8,FALSE) -> DATE | D37: – | E37: Y | F37: Y | G37: Y | I37: Y | J37: =VLOOKUP([1]!Table2[[#This Row],[Mapping to Existing DB Schema]],'[1]Database Schema Proposed V2'!$K:$O,5,FALSE) -> NO | K37: =VLOOKUP([1]!Table2[[#This Row],[Mapping to Existing DB Schema]],'[1]Database Schema Proposed V2'!$Q:$R,2,FALSE) -> employee_onboard
A38: Years in Service | B38: years_in_service | C38: =VLOOKUP([1]!Table2[[#This Row],[Column Name]],'[1]Database Schema Proposed V2'!$A:$H,8,FALSE) -> VARCHAR(50) | D38: 4 Tahun 2 Bulan (Calculated) | E38: Y | F38: Y | G38: Y | I38: Y | J38: =VLOOKUP([1]!Table2[[#This Row],[Mapping to Existing DB Schema]],'[1]Database Schema Proposed V2'!$K:$O,5,FALSE) -> NO | K38: =VLOOKUP([1]!Table2[[#This Row],[Mapping to Existing DB Schema]],'[1]Database Schema Proposed V2'!$Q:$R,2,FALSE) -> employee_onboard
A39: Branch ID | B39: branch_id | C39: =VLOOKUP([1]!Table2[[#This Row],[Column Name]],'[1]Database Schema Proposed V2'!$A:$H,8,FALSE) -> VARCHAR(20) | D39: MTI-SITE-01 (Free Text) | E39: Y | J39: YES | K39: =VLOOKUP([1]!Table2[[#This Row],[Mapping to Existing DB Schema]],'[1]Database Schema Proposed V2'!$Q:$R,2,FALSE) -> employee_core
A40: Branch | B40: branch | C40: =VLOOKUP([1]!Table2[[#This Row],[Column Name]],'[1]Database Schema Proposed V2'!$A:$H,8,FALSE) -> VARCHAR(50) | D40: Morowali (Dropdown: Morowali,Jakarta,Surabaya) | E40: Y | J40: YES | K40: =VLOOKUP([1]!Table2[[#This Row],[Mapping to Existing DB Schema]],'[1]Database Schema Proposed V2'!$Q:$R,2,FALSE) -> employee_core
A41: Company Office | B41: company_office | C41: =VLOOKUP([1]!Table2[[#This Row],[Column Name]],'[1]Database Schema Proposed V2'!$A:$H,8,FALSE) -> VARCHAR(100) | D41: Jakarta Office (Dropdown: Jakarta Office,Morowali Office) | F41: Y | G41: Y | H41: =VLOOKUP('Column Name'!$B41,[2]Sheet2!$D:$F,3,FALSE) -> Y | I41: Y | J41: =VLOOKUP([1]!Table2[[#This Row],[Mapping to Existing DB Schema]],'[1]Database Schema Proposed V2'!$K:$O,5,FALSE) -> NO | K41: =VLOOKUP([1]!Table2[[#This Row],[Mapping to Existing DB Schema]],'[1]Database Schema Proposed V2'!$Q:$R,2,FALSE) -> employee_employment
A42: Work Location | B42: work_location | C42: =VLOOKUP([1]!Table2[[#This Row],[Column Name]],'[1]Database Schema Proposed V2'!$A:$H,8,FALSE) -> VARCHAR(100) | D42: Morowali (Dropdown: Morowali,IMIP,Jakarta,HO) | F42: Y | G42: Y | H42: =VLOOKUP('Column Name'!$B42,[2]Sheet2!$D:$F,3,FALSE) -> Y | I42: Y | J42: =VLOOKUP([1]!Table2[[#This Row],[Mapping to Existing DB Schema]],'[1]Database Schema Proposed V2'!$K:$O,5,FALSE) -> NO | K42: =VLOOKUP([1]!Table2[[#This Row],[Mapping to Existing DB Schema]],'[1]Database Schema Proposed V2'!$Q:$R,2,FALSE) -> employee_employment
A43: Division | B43: division | C43: =VLOOKUP([1]!Table2[[#This Row],[Column Name]],'[1]Database Schema Proposed V2'!$A:$H,8,FALSE) -> VARCHAR(100) | D43: ICT (Dropdown: ICT,HR,Finance,Operation,Engineering) | E43: Y | F43: Y | G43: Y | H43: =VLOOKUP('Column Name'!$B43,[2]Sheet2!$D:$F,3,FALSE) -> Y | I43: Y | J43: =VLOOKUP([1]!Table2[[#This Row],[Mapping to Existing DB Schema]],'[1]Database Schema Proposed V2'!$K:$O,5,FALSE) -> NO | K43: =VLOOKUP([1]!Table2[[#This Row],[Mapping to Existing DB Schema]],'[1]Database Schema Proposed V2'!$Q:$R,2,FALSE) -> employee_employment
A44: Department | B44: department | C44: =VLOOKUP([1]!Table2[[#This Row],[Column Name]],'[1]Database Schema Proposed V2'!$A:$H,8,FALSE) -> VARCHAR(100) | D44: Support Services (Dropdown: Support Services,Maintenance,Production,Administration) | E44: Y | F44: Y | G44: Y | H44: Y | I44: Y | J44: =VLOOKUP([1]!Table2[[#This Row],[Mapping to Existing DB Schema]],'[1]Database Schema Proposed V2'!$K:$O,5,FALSE) -> NO | K44: =VLOOKUP([1]!Table2[[#This Row],[Mapping to Existing DB Schema]],'[1]Database Schema Proposed V2'!$Q:$R,2,FALSE) -> employee_employment
A45: Section | B45: section | C45: =VLOOKUP([1]!Table2[[#This Row],[Column Name]],'[1]Database Schema Proposed V2'!$A:$H,8,FALSE) -> VARCHAR(100) | D45: IT Support (Dropdown: IT Support,Networking,System,Mechanical) | E45: Y | F45: Y | G45: Y | H45: Y | I45: Y | J45: =VLOOKUP([1]!Table2[[#This Row],[Mapping to Existing DB Schema]],'[1]Database Schema Proposed V2'!$K:$O,5,FALSE) -> NO | K45: =VLOOKUP([1]!Table2[[#This Row],[Mapping to Existing DB Schema]],'[1]Database Schema Proposed V2'!$Q:$R,2,FALSE) -> employee_employment
A46: Direct Report | B46: direct_report | C46: =VLOOKUP([1]!Table2[[#This Row],[Column Name]],'[1]Database Schema Proposed V2'!$A:$H,8,FALSE) -> VARCHAR(100) | D46: Adi Wijaya (Free Text) | E46: Y | F46: Y | G46: Y | H46: =VLOOKUP('Column Name'!$B46,[2]Sheet2!$D:$F,3,FALSE) -> Y | I46: Y | J46: =VLOOKUP([1]!Table2[[#This Row],[Mapping to Existing DB Schema]],'[1]Database Schema Proposed V2'!$K:$O,5,FALSE) -> NO | K46: =VLOOKUP([1]!Table2[[#This Row],[Mapping to Existing DB Schema]],'[1]Database Schema Proposed V2'!$Q:$R,2,FALSE) -> employee_employment
A47: Job Title | B47: job_title | C47: =VLOOKUP([1]!Table2[[#This Row],[Column Name]],'[1]Database Schema Proposed V2'!$A:$H,8,FALSE) -> VARCHAR(100) | D47: ICT Supervisor (Free Text) | E47: Y | F47: Y | G47: Y | H47: Y | I47: Y | J47: =VLOOKUP([1]!Table2[[#This Row],[Mapping to Existing DB Schema]],'[1]Database Schema Proposed V2'!$K:$O,5,FALSE) -> NO | K47: =VLOOKUP([1]!Table2[[#This Row],[Mapping to Existing DB Schema]],'[1]Database Schema Proposed V2'!$Q:$R,2,FALSE) -> employee_employment
A48: Grade | B48: grade | C48: =VLOOKUP([1]!Table2[[#This Row],[Column Name]],'[1]Database Schema Proposed V2'!$A:$H,8,FALSE) -> VARCHAR(10) | D48: 10 (Dropdown: 7,8,9,10,11,12,13,14,15,16,17,18) | E48: Y | F48: Y | G48: Y | H48: Y | I48: Y | J48: =VLOOKUP([1]!Table2[[#This Row],[Mapping to Existing DB Schema]],'[1]Database Schema Proposed V2'!$K:$O,5,FALSE) -> NO | K48: =VLOOKUP([1]!Table2[[#This Row],[Mapping to Existing DB Schema]],'[1]Database Schema Proposed V2'!$Q:$R,2,FALSE) -> employee_employment
A49: Position Grade | B49: position_grade | C49: =VLOOKUP([1]!Table2[[#This Row],[Column Name]],'[1]Database Schema Proposed V2'!$A:$H,8,FALSE) -> VARCHAR(50) | D49: Supervisor (Dropdown: Staff,NonStaff,Supervisor,Manager) | E49: Y | F49: Y | G49: Y | H49: Y | I49: Y | J49: =VLOOKUP([1]!Table2[[#This Row],[Mapping to Existing DB Schema]],'[1]Database Schema Proposed V2'!$K:$O,5,FALSE) -> NO | K49: =VLOOKUP([1]!Table2[[#This Row],[Mapping to Existing DB Schema]],'[1]Database Schema Proposed V2'!$Q:$R,2,FALSE) -> employee_employment
A50: Group Job Title | B50: group_job_title | C50: =VLOOKUP([1]!Table2[[#This Row],[Column Name]],'[1]Database Schema Proposed V2'!$A:$H,8,FALSE) -> VARCHAR(100) | D50: System Analyst (Free Text) | E50: Y | F50: Y | G50: Y | H50: =VLOOKUP('Column Name'!$B50,[2]Sheet2!$D:$F,3,FALSE) -> Y | I50: Y | J50: =VLOOKUP([1]!Table2[[#This Row],[Mapping to Existing DB Schema]],'[1]Database Schema Proposed V2'!$K:$O,5,FALSE) -> NO | K50: =VLOOKUP([1]!Table2[[#This Row],[Mapping to Existing DB Schema]],'[1]Database Schema Proposed V2'!$Q:$R,2,FALSE) -> employee_employment
A51: Bank Name | B51: bank_name | C51: =VLOOKUP([1]!Table2[[#This Row],[Column Name]],'[1]Database Schema Proposed V2'!$A:$H,8,FALSE) -> VARCHAR(100) | D51: BRI (Dropdown: BRI,BNI,BCA,Mandiri,ICBC) | E51: Y | G51: Y | H51: =VLOOKUP('Column Name'!$B51,[2]Sheet2!$D:$F,3,FALSE) -> Y | I51: Y | J51: =VLOOKUP([1]!Table2[[#This Row],[Mapping to Existing DB Schema]],'[1]Database Schema Proposed V2'!$K:$O,5,FALSE) -> NO | K51: =VLOOKUP([1]!Table2[[#This Row],[Mapping to Existing DB Schema]],'[1]Database Schema Proposed V2'!$Q:$R,2,FALSE) -> employee_bank
A52: Account Name | B52: account_name | C52: =VLOOKUP([1]!Table2[[#This Row],[Column Name]],'[1]Database Schema Proposed V2'!$A:$H,8,FALSE) -> VARCHAR(100) | D52: Andi Saputra (Free Text) | E52: Y | G52: Y | H52: =VLOOKUP('Column Name'!$B52,[2]Sheet2!$D:$F,3,FALSE) -> Y | I52: Y | J52: =VLOOKUP([1]!Table2[[#This Row],[Mapping to Existing DB Schema]],'[1]Database Schema Proposed V2'!$K:$O,5,FALSE) -> NO | K52: =VLOOKUP([1]!Table2[[#This Row],[Mapping to Existing DB Schema]],'[1]Database Schema Proposed V2'!$Q:$R,2,FALSE) -> employee_bank
A53: Account No | B53: account_no | C53: =VLOOKUP([1]!Table2[[#This Row],[Column Name]],'[1]Database Schema Proposed V2'!$A:$H,8,FALSE) -> VARCHAR(50) | D53: 1234567890 (Free Text) | E53: Y | G53: Y | H53: =VLOOKUP('Column Name'!$B53,[2]Sheet2!$D:$F,3,FALSE) -> Y | I53: Y | J53: =VLOOKUP([1]!Table2[[#This Row],[Mapping to Existing DB Schema]],'[1]Database Schema Proposed V2'!$K:$O,5,FALSE) -> NO | K53: =VLOOKUP([1]!Table2[[#This Row],[Mapping to Existing DB Schema]],'[1]Database Schema Proposed V2'!$Q:$R,2,FALSE) -> employee_bank
A54: NPWP | B54: npwp | C54: =VLOOKUP([1]!Table2[[#This Row],[Column Name]],'[1]Database Schema Proposed V2'!$A:$H,8,FALSE) -> VARCHAR(25) | D54: 09.123.456.7-890.000 (Free Text) | E54: Y | F54: Y | G54: Y | H54: =VLOOKUP('Column Name'!$B54,[2]Sheet2!$D:$F,3,FALSE) -> Y | I54: Y | J54: =VLOOKUP([1]!Table2[[#This Row],[Mapping to Existing DB Schema]],'[1]Database Schema Proposed V2'!$K:$O,5,FALSE) -> NO | K54: =VLOOKUP([1]!Table2[[#This Row],[Mapping to Existing DB Schema]],'[1]Database Schema Proposed V2'!$Q:$R,2,FALSE) -> employee_core
A55: BPJS TK No | B55: bpjs_tk | C55: =VLOOKUP([1]!Table2[[#This Row],[Column Name]],'[1]Database Schema Proposed V2'!$A:$H,8,FALSE) -> VARCHAR(30) | D55: 12345678901 (Free Text) | E55: Y | F55: Y | G55: Y | I55: Y | J55: =VLOOKUP([1]!Table2[[#This Row],[Mapping to Existing DB Schema]],'[1]Database Schema Proposed V2'!$K:$O,5,FALSE) -> NO | K55: =VLOOKUP([1]!Table2[[#This Row],[Mapping to Existing DB Schema]],'[1]Database Schema Proposed V2'!$Q:$R,2,FALSE) -> employee_insurance
A56: BPJS KES No | B56: bpjs_kes | C56: =VLOOKUP([1]!Table2[[#This Row],[Column Name]],'[1]Database Schema Proposed V2'!$A:$H,8,FALSE) -> VARCHAR(30) | D56: 98765432100 (Free Text) | E56: Y | F56: Y | G56: Y | I56: Y | J56: =VLOOKUP([1]!Table2[[#This Row],[Mapping to Existing DB Schema]],'[1]Database Schema Proposed V2'!$K:$O,5,FALSE) -> NO | K56: =VLOOKUP([1]!Table2[[#This Row],[Mapping to Existing DB Schema]],'[1]Database Schema Proposed V2'!$Q:$R,2,FALSE) -> employee_insurance
A57: STATUS BPJS Kesehatan | B57: status_bpjs_kes | C57: =VLOOKUP([1]!Table2[[#This Row],[Column Name]],'[1]Database Schema Proposed V2'!$A:$H,8,FALSE) -> VARCHAR(30) | D57: Active (Dropdown: Active,Non Active,PBI,Not Registered) | E57: Y | F57: Y | G57: Y | H57: Y | I57: Y | J57: =VLOOKUP([1]!Table2[[#This Row],[Mapping to Existing DB Schema]],'[1]Database Schema Proposed V2'!$K:$O,5,FALSE) -> NO | K57: =VLOOKUP([1]!Table2[[#This Row],[Mapping to Existing DB Schema]],'[1]Database Schema Proposed V2'!$Q:$R,2,FALSE) -> employee_insurance
A58: KITAS NO | B58: kitas_no | C58: =VLOOKUP([1]!Table2[[#This Row],[Column Name]],'[1]Database Schema Proposed V2'!$A:$H,8,FALSE) -> VARCHAR(50) | D58: KITAS8899 (Free Text) | F58: Y | G58: Y | H58: Y | I58: Y | J58: =VLOOKUP([1]!Table2[[#This Row],[Mapping to Existing DB Schema]],'[1]Database Schema Proposed V2'!$K:$O,5,FALSE) -> NO | K58: =VLOOKUP([1]!Table2[[#This Row],[Mapping to Existing DB Schema]],'[1]Database Schema Proposed V2'!$Q:$R,2,FALSE) -> employee_travel
A59: PASSPORT ID | B59: passport_no | C59: =VLOOKUP([1]!Table2[[#This Row],[Column Name]],'[1]Database Schema Proposed V2'!$A:$H,8,FALSE) -> VARCHAR(50) | D59: A1234567 (Free Text) | F59: Y | G59: Y | H59: Y | I59: Y | J59: =VLOOKUP([1]!Table2[[#This Row],[Mapping to Existing DB Schema]],'[1]Database Schema Proposed V2'!$K:$O,5,FALSE) -> NO | K59: =VLOOKUP([1]!Table2[[#This Row],[Mapping to Existing DB Schema]],'[1]Database Schema Proposed V2'!$Q:$R,2,FALSE) -> employee_travel
A60: Travel In | B60: travel_in | C60: =VLOOKUP([1]!Table2[[#This Row],[Column Name]],'[1]Database Schema Proposed V2'!$A:$H,8,FALSE) -> DATE | D60: 45413 | E60: Y | F60: Y | G60: Y | H60: Y | I60: Y | J60: =VLOOKUP([1]!Table2[[#This Row],[Mapping to Existing DB Schema]],'[1]Database Schema Proposed V2'!$K:$O,5,FALSE) -> NO | K60: =VLOOKUP([1]!Table2[[#This Row],[Mapping to Existing DB Schema]],'[1]Database Schema Proposed V2'!$Q:$R,2,FALSE) -> employee_travel
A61: Travel Out | B61: travel_out | C61: =VLOOKUP([1]!Table2[[#This Row],[Column Name]],'[1]Database Schema Proposed V2'!$A:$H,8,FALSE) -> DATE | D61: 45585 | E61: Y | F61: Y | G61: Y | H61: Y | I61: Y | J61: =VLOOKUP([1]!Table2[[#This Row],[Mapping to Existing DB Schema]],'[1]Database Schema Proposed V2'!$K:$O,5,FALSE) -> NO | K61: =VLOOKUP([1]!Table2[[#This Row],[Mapping to Existing DB Schema]],'[1]Database Schema Proposed V2'!$Q:$R,2,FALSE) -> employee_travel
A62: Social Insurance No (alt BPJS TK) | B62: social_insurance_no_alt | C62: =VLOOKUP([1]!Table2[[#This Row],[Column Name]],'[1]Database Schema Proposed V2'!$A:$H,8,FALSE) -> VARCHAR(30) | D62: ALT998877 (Free Text) | E62: Y | J62: YES | K62: =VLOOKUP([1]!Table2[[#This Row],[Mapping to Existing DB Schema]],'[1]Database Schema Proposed V2'!$Q:$R,2,FALSE) -> employee_insurance
A63: BPJS Kesehatan No (alt BPJS KES) | B63: bpjs_kes_no_alt | C63: =VLOOKUP([1]!Table2[[#This Row],[Column Name]],'[1]Database Schema Proposed V2'!$A:$H,8,FALSE) -> VARCHAR(30) | D63: ALT887766 (Free Text) | E63: Y | J63: YES | K63: =VLOOKUP([1]!Table2[[#This Row],[Mapping to Existing DB Schema]],'[1]Database Schema Proposed V2'!$Q:$R,2,FALSE) -> employee_insurance
A64: Terminated Date | B64: terminated_date | C64: =VLOOKUP([1]!Table2[[#This Row],[Column Name]],'[1]Database Schema Proposed V2'!$A:$H,8,FALSE) -> DATE | D64: – | E64: Y | F64: Y | G64: Y | I64: Y | J64: =VLOOKUP([1]!Table2[[#This Row],[Mapping to Existing DB Schema]],'[1]Database Schema Proposed V2'!$K:$O,5,FALSE) -> NO | K64: =VLOOKUP([1]!Table2[[#This Row],[Mapping to Existing DB Schema]],'[1]Database Schema Proposed V2'!$Q:$R,2,FALSE) -> employee_employment
A65: Terminated Type | B65: terminated_type | C65: =VLOOKUP([1]!Table2[[#This Row],[Column Name]],'[1]Database Schema Proposed V2'!$A:$H,8,FALSE) -> VARCHAR(50) | D65: – (Dropdown: Resignation,Termination,End Contract,Retirement) | E65: Y | F65: Y | G65: Y | I65: Y | J65: =VLOOKUP([1]!Table2[[#This Row],[Mapping to Existing DB Schema]],'[1]Database Schema Proposed V2'!$K:$O,5,FALSE) -> NO | K65: =VLOOKUP([1]!Table2[[#This Row],[Mapping to Existing DB Schema]],'[1]Database Schema Proposed V2'!$Q:$R,2,FALSE) -> employee_employment
A66: Terminated Reason | B66: terminated_reason | C66: =VLOOKUP([1]!Table2[[#This Row],[Column Name]],'[1]Database Schema Proposed V2'!$A:$H,8,FALSE) -> VARCHAR(255) | D66: – (Free Text) | E66: Y | F66: Y | G66: Y | I66: Y | J66: =VLOOKUP([1]!Table2[[#This Row],[Mapping to Existing DB Schema]],'[1]Database Schema Proposed V2'!$K:$O,5,FALSE) -> NO | K66: =VLOOKUP([1]!Table2[[#This Row],[Mapping to Existing DB Schema]],'[1]Database Schema Proposed V2'!$Q:$R,2,FALSE) -> employee_employment
A67: Black List MTI | B67: blacklist_mti | C67: =VLOOKUP([1]!Table2[[#This Row],[Column Name]],'[1]Database Schema Proposed V2'!$A:$H,8,FALSE) -> BIT | D67: 0 (0,1) | E67: Y | G67: Y | I67: Y | J67: =VLOOKUP([1]!Table2[[#This Row],[Mapping to Existing DB Schema]],'[1]Database Schema Proposed V2'!$K:$O,5,FALSE) -> NO | K67: =VLOOKUP([1]!Table2[[#This Row],[Mapping to Existing DB Schema]],'[1]Database Schema Proposed V2'!$Q:$R,2,FALSE) -> employee_employment
A68: Black List IMIP | B68: blacklist_imip | C68: =VLOOKUP([1]!Table2[[#This Row],[Column Name]],'[1]Database Schema Proposed V2'!$A:$H,8,FALSE) -> BIT | D68: 0 (0,1) | E68: Y | G68: Y | I68: Y | J68: =VLOOKUP([1]!Table2[[#This Row],[Mapping to Existing DB Schema]],'[1]Database Schema Proposed V2'!$K:$O,5,FALSE) -> NO | K68: =VLOOKUP([1]!Table2[[#This Row],[Mapping to Existing DB Schema]],'[1]Database Schema Proposed V2'!$Q:$R,2,FALSE) -> employee_employment
A69: Office Email | B69: office_email | C69: =VLOOKUP([1]!Table2[[#This Row],[Column Name]],'[1]Database Schema Proposed V2'!$A:$H,8,FALSE) -> VARCHAR(150) | D69: andi.saputra@merdekabattery.com (Free Text) | E69: Y | J69: YES | K69: =VLOOKUP([1]!Table2[[#This Row],[Mapping to Existing DB Schema]],'[1]Database Schema Proposed V2'!$Q:$R,2,FALSE) -> employee_core
A70: Locality Status | B70: locality_status | C70: =VLOOKUP([1]!Table2[[#This Row],[Column Name]],'[1]Database Schema Proposed V2'!$A:$H,8,FALSE) -> VARCHAR(20) | D70: Local (Dropdown: Local,Non Local,Overseas) | E70: Y | G70: Y | I70: Y | J70: YES | K70: =VLOOKUP([1]!Table2[[#This Row],[Mapping to Existing DB Schema]],'[1]Database Schema Proposed V2'!$Q:$R,2,FALSE) -> employee_employment
A71: FPG No | B71: fpg_no | C71: =VLOOKUP([1]!Table2[[#This Row],[Column Name]],'[1]Database Schema Proposed V2'!$A:$H,8,FALSE) -> VARCHAR(30) | D71: FPG9988 (Free Text) | E71: Y | J71: YES | K71: =VLOOKUP([1]!Table2[[#This Row],[Mapping to Existing DB Schema]],'[1]Database Schema Proposed V2'!$Q:$R,2,FALSE) -> employee_insurance
A72: OWLEXA No | B72: owlexa_no | C72: =VLOOKUP([1]!Table2[[#This Row],[Column Name]],'[1]Database Schema Proposed V2'!$A:$H,8,FALSE) -> VARCHAR(30) | D72: OWX1122 (Free Text) | E72: Y | J72: YES | K72: =VLOOKUP([1]!Table2[[#This Row],[Mapping to Existing DB Schema]],'[1]Database Schema Proposed V2'!$Q:$R,2,FALSE) -> employee_insurance
A73: Month of Birthday | B73: month_of_birthday | C73: =VLOOKUP([1]!Table2[[#This Row],[Column Name]],'[1]Database Schema Proposed V2'!$A:$H,8,FALSE) -> VARCHAR(15) | D73: Jan (Calculated) | E73: Y | J73: YES | K73: =VLOOKUP([1]!Table2[[#This Row],[Mapping to Existing DB Schema]],'[1]Database Schema Proposed V2'!$Q:$R,2,FALSE) -> employee_core
A74: ID CARD MTI | B74: id_card_mti | C74: =VLOOKUP([1]!Table2[[#This Row],[Column Name]],'[1]Database Schema Proposed V2'!$A:$H,8,FALSE) -> BIT | D74: 1 (0,1) | F74: Y | J74: YES | K74: =VLOOKUP([1]!Table2[[#This Row],[Mapping to Existing DB Schema]],'[1]Database Schema Proposed V2'!$Q:$R,2,FALSE) -> employee_core
A75: Field | B75: field | C75: =VLOOKUP([1]!Table2[[#This Row],[Column Name]],'[1]Database Schema Proposed V2'!$A:$H,8,FALSE) -> VARCHAR(100) | D75: Metallurgy Engineering (Dropdown: Metallurgy Engineering,Chemical Engineering,IT,Finance,Mechanical Engineering) | F75: Y | J75: YES | K75: =VLOOKUP([1]!Table2[[#This Row],[Mapping to Existing DB Schema]],'[1]Database Schema Proposed V2'!$Q:$R,2,FALSE) -> employee_core
A76: Bank Code | B76: bank_code | C76: =VLOOKUP([1]!Table2[[#This Row],[Column Name]],'[1]Database Schema Proposed V2'!$A:$H,8,FALSE) -> VARCHAR(20) | D76: 009 (Dropdown: 014,009,002,008) | F76: Y | J76: YES | K76: =VLOOKUP([1]!Table2[[#This Row],[Mapping to Existing DB Schema]],'[1]Database Schema Proposed V2'!$Q:$R,2,FALSE) -> employee_bank
A77: ICBC Bank Account No. | B77: icbc_bank_account_no | C77: =VLOOKUP([1]!Table2[[#This Row],[Column Name]],'[1]Database Schema Proposed V2'!$A:$H,8,FALSE) -> VARCHAR(50) | D77: ICBC998877 (Free Text) | F77: Y | J77: YES | K77: =VLOOKUP([1]!Table2[[#This Row],[Mapping to Existing DB Schema]],'[1]Database Schema Proposed V2'!$Q:$R,2,FALSE) -> employee_bank
A78: Name as Pasport | B78: name_as_passport | C78: =VLOOKUP([1]!Table2[[#This Row],[Column Name]],'[1]Database Schema Proposed V2'!$A:$H,8,FALSE) -> VARCHAR(100) | D78: ANDI SAPUTRA (Free Text) | F78: Y | J78: YES | K78: =VLOOKUP([1]!Table2[[#This Row],[Mapping to Existing DB Schema]],'[1]Database Schema Proposed V2'!$Q:$R,2,FALSE) -> employee_travel
A79: Personal email | B79: email | C79: =VLOOKUP([1]!Table2[[#This Row],[Column Name]],'[1]Database Schema Proposed V2'!$A:$H,8,FALSE) -> VARCHAR(150) | D79: andi@gmail.com (Free Text) | F79: Y | G79: Y | H79: Y | I79: Y | J79: =VLOOKUP([1]!Table2[[#This Row],[Mapping to Existing DB Schema]],'[1]Database Schema Proposed V2'!$K:$O,5,FALSE) -> NO | K79: =VLOOKUP([1]!Table2[[#This Row],[Mapping to Existing DB Schema]],'[1]Database Schema Proposed V2'!$Q:$R,2,FALSE) -> employee_contact
A80: Passport Expiry | B80: passport_expiry | C80: =VLOOKUP([1]!Table2[[#This Row],[Column Name]],'[1]Database Schema Proposed V2'!$A:$H,8,FALSE) -> DATE | D80: 47766 | F80: Y | J80: YES | K80: =VLOOKUP([1]!Table2[[#This Row],[Mapping to Existing DB Schema]],'[1]Database Schema Proposed V2'!$Q:$R,2,FALSE) -> employee_travel
A81: KITAS Expiry | B81: kitas_expiry | C81: =VLOOKUP([1]!Table2[[#This Row],[Column Name]],'[1]Database Schema Proposed V2'!$A:$H,8,FALSE) -> DATE | D81: 46023 | F81: Y | J81: YES | K81: =VLOOKUP([1]!Table2[[#This Row],[Mapping to Existing DB Schema]],'[1]Database Schema Proposed V2'!$Q:$R,2,FALSE) -> employee_travel
A82: IMTA | B82: imta | C82: =VLOOKUP([1]!Table2[[#This Row],[Column Name]],'[1]Database Schema Proposed V2'!$A:$H,8,FALSE) -> VARCHAR(50) | D82: IMTA778899 (Free Text) | F82: Y | J82: YES | K82: =VLOOKUP([1]!Table2[[#This Row],[Mapping to Existing DB Schema]],'[1]Database Schema Proposed V2'!$Q:$R,2,FALSE) -> employee_travel
A83: RPTKA No | B83: rptka_no | C83: =VLOOKUP([1]!Table2[[#This Row],[Column Name]],'[1]Database Schema Proposed V2'!$A:$H,8,FALSE) -> VARCHAR(50) | D83: RPTKA556677 (Free Text) | F83: Y | J83: YES | K83: =VLOOKUP([1]!Table2[[#This Row],[Mapping to Existing DB Schema]],'[1]Database Schema Proposed V2'!$Q:$R,2,FALSE) -> employee_travel
A84: RPTKA Position | B84: rptka_position | C84: =VLOOKUP([1]!Table2[[#This Row],[Column Name]],'[1]Database Schema Proposed V2'!$A:$H,8,FALSE) -> VARCHAR(100) | D84: Foreign Expert (Dropdown: Foreign Expert,Engineer,Supervisor) | F84: Y | J84: YES | K84: =VLOOKUP([1]!Table2[[#This Row],[Mapping to Existing DB Schema]],'[1]Database Schema Proposed V2'!$Q:$R,2,FALSE) -> employee_travel
A85: KITAS Address | B85: kitas_address | C85: =VLOOKUP([1]!Table2[[#This Row],[Column Name]],'[1]Database Schema Proposed V2'!$A:$H,8,FALSE) -> VARCHAR(255) | D85: Jl. Mawar No. 7 (Free Text) | F85: Y | J85: YES | K85: =VLOOKUP([1]!Table2[[#This Row],[Mapping to Existing DB Schema]],'[1]Database Schema Proposed V2'!$Q:$R,2,FALSE) -> employee_travel
A86: Job Tittle (Based on KITAS) | B86: job_title_kitas | C86: =VLOOKUP([1]!Table2[[#This Row],[Column Name]],'[1]Database Schema Proposed V2'!$A:$H,8,FALSE) -> VARCHAR(100) | D86: Engineer (Dropdown: Engineer,Specialist,Supervisor) | F86: Y | J86: YES | K86: =VLOOKUP([1]!Table2[[#This Row],[Mapping to Existing DB Schema]],'[1]Database Schema Proposed V2'!$Q:$R,2,FALSE) -> employee_travel
A87: ICBC Username | B87: icbc_username | C87: =VLOOKUP([1]!Table2[[#This Row],[Column Name]],'[1]Database Schema Proposed V2'!$A:$H,8,FALSE) -> VARCHAR(50) | D87: andi.icbc (Free Text) | F87: Y | J87: YES | K87: =VLOOKUP([1]!Table2[[#This Row],[Mapping to Existing DB Schema]],'[1]Database Schema Proposed V2'!$Q:$R,2,FALSE) -> employee_bank
A88: Batch | B88: batch | C88: =VLOOKUP([1]!Table2[[#This Row],[Column Name]],'[1]Database Schema Proposed V2'!$A:$H,8,FALSE) -> VARCHAR(20) | D88: Batch-2024-01 (Free Text) | F88: Y | J88: YES | K88: =VLOOKUP([1]!Table2[[#This Row],[Mapping to Existing DB Schema]],'[1]Database Schema Proposed V2'!$Q:$R,2,FALSE) -> employee_notes
A89: Cek Document / Note | B89: note | C89: =VLOOKUP([1]!Table2[[#This Row],[Column Name]],'[1]Database Schema Proposed V2'!$A:$H,8,FALSE) -> TEXT | D89: Free text (Free Text) | F89: Y | J89: YES | K89: =VLOOKUP([1]!Table2[[#This Row],[Mapping to Existing DB Schema]],'[1]Database Schema Proposed V2'!$Q:$R,2,FALSE) -> employee_notes
A90: Paspor (Checklist) | B90: passport_checklist | C90: =VLOOKUP([1]!Table2[[#This Row],[Column Name]],'[1]Database Schema Proposed V2'!$A:$H,8,FALSE) -> BIT | D90: 0 (0,1) | F90: Y | J90: YES | K90: =VLOOKUP([1]!Table2[[#This Row],[Mapping to Existing DB Schema]],'[1]Database Schema Proposed V2'!$Q:$R,2,FALSE) -> employee_checklist
A91: KITAS (Checklist) | B91: kitas_checklist | C91: =VLOOKUP([1]!Table2[[#This Row],[Column Name]],'[1]Database Schema Proposed V2'!$A:$H,8,FALSE) -> BIT | D91: 0 (0,1) | F91: Y | J91: YES | K91: =VLOOKUP([1]!Table2[[#This Row],[Mapping to Existing DB Schema]],'[1]Database Schema Proposed V2'!$Q:$R,2,FALSE) -> employee_checklist
A92: IMTA (Checklist) | B92: imta_checklist | C92: =VLOOKUP([1]!Table2[[#This Row],[Column Name]],'[1]Database Schema Proposed V2'!$A:$H,8,FALSE) -> BIT | D92: 0 (0,1) | F92: Y | J92: YES | K92: =VLOOKUP([1]!Table2[[#This Row],[Mapping to Existing DB Schema]],'[1]Database Schema Proposed V2'!$Q:$R,2,FALSE) -> employee_checklist
A93: RPTKA (Checklist) | B93: rptka_checklist | C93: =VLOOKUP([1]!Table2[[#This Row],[Column Name]],'[1]Database Schema Proposed V2'!$A:$H,8,FALSE) -> BIT | D93: 0 (0,1) | F93: Y | J93: YES | K93: =VLOOKUP([1]!Table2[[#This Row],[Mapping to Existing DB Schema]],'[1]Database Schema Proposed V2'!$Q:$R,2,FALSE) -> employee_checklist
... A97: Bank (Checklist) | B97: bank_checklist | C97: =VLOOKUP([1]!Table2[[#This Row],[Column Name]],'[1]Database Schema Proposed V2'!$A:$H,8,FALSE) -> BIT | D97: 0 (0,1) | F97: Y | J97: YES | K97: =VLOOKUP([1]!Table2[[#This Row],[Mapping to Existing DB Schema]],'[1]Database Schema Proposed V2'!$Q:$R,2,FALSE) -> employee_checklist
A98: Employee Status | B98: status | C98: =VLOOKUP([1]!Table2[[#This Row],[Column Name]],'[1]Database Schema Proposed V2'!$A:$H,8,FALSE) -> VARCHAR(20) | D98: Active (Dropdown: Active,Inactive,Resign,Terminated) | J98: NO | K98: =VLOOKUP([1]!Table2[[#This Row],[Mapping to Existing DB Schema]],'[1]Database Schema Proposed V2'!$Q:$R,2,FALSE) -> employee_employment

Sheet DB Schema
A1: Column Name | B1: IND Active | C1: IND Inactive | D1: EXP Active | E1: EXP Inactive | F1: Category | G1: Status | H1: Data Type | I1: Notes | J1: Need Column? | K1: Mapping to Existing DB Schema | L1: Existing Table Name | M1: Current Data Type | N1: IS Valid | O1: IS New | P1: Column Name | Q1: Mapping to Existing DB Schema | R1: Existing Table Name | S1: HR | T1: Finance | U1: All Admin | V1: Example Values
A2: Insurance (Endorsment) | B2: ✔ | C2: ✔ | D2: ✔ | E2: ✔ | F2: BOTH | G2: both | H2: BIT | I2: Checklist (V/✔) | J2: YES | K2: =VLOOKUP(A2,[1]Sheet4!A:B,2,FALSE) -> insurance_endorsement | L2: =VLOOKUP(K2,[3]Combined_Columns!$A:$B,2,FALSE) -> employee_insurance | M2: =VLOOKUP(K2,[3]Combined_Columns!$A:$E,5,FALSE) -> varchar | N2: =ISERROR(SEARCH(M2, H2)) -> TRUE | O2: NO | P2: Insurance (Endorsment) | Q2: insurance_endorsement | R2: employee_insurance | S2: =VLOOKUP(Q2,[2]Sheet2!$D:$E,2,FALSE) -> Confidential | T2: =VLOOKUP(Q2,[2]Sheet2!$D:$F,3,FALSE) -> Confidential | U2: =VLOOKUP(Q2,[2]Sheet2!$D:$G,4,FALSE) -> Confidential
A3: Insurance Card Owlexa | B3: ✔ | C3: ✔ | D3: ✔ | E3: ✔ | F3: BOTH | G3: both | H3: BIT | I3: Checklist | J3: YES | K3: =VLOOKUP(A3,[1]Sheet4!A:B,2,FALSE) -> insurance_owlexa | L3: =VLOOKUP(K3,[3]Combined_Columns!$A:$B,2,FALSE) -> employee_insurance | M3: =VLOOKUP(K3,[3]Combined_Columns!$A:$E,5,FALSE) -> varchar | N3: =ISERROR(SEARCH(M3, H3)) -> TRUE | O3: NO | P3: Insurance Card Owlexa | Q3: insurance_owlexa | R3: employee_insurance | S3: =VLOOKUP(Q3,[2]Sheet2!$D:$E,2,FALSE) -> Confidential | T3: =VLOOKUP(Q3,[2]Sheet2!$D:$F,3,FALSE) -> Confidential | U3: =VLOOKUP(Q3,[2]Sheet2!$D:$G,4,FALSE) -> Confidential
A4: Insurance Card FPG | B4: ✔ | C4: ✔ | D4: ✔ | E4: ✔ | F4: BOTH | G4: both | H4: BIT | I4: Checklist | J4: YES | K4: =VLOOKUP(A4,[1]Sheet4!A:B,2,FALSE) -> insurance_fpg | L4: =VLOOKUP(K4,[3]Combined_Columns!$A:$B,2,FALSE) -> employee_insurance | M4: =VLOOKUP(K4,[3]Combined_Columns!$A:$E,5,FALSE) -> varchar | N4: =ISERROR(SEARCH(M4, H4)) -> TRUE | O4: NO | P4: Insurance Card FPG | Q4: insurance_fpg | R4: employee_insurance | S4: =VLOOKUP(Q4,[2]Sheet2!$D:$E,2,FALSE) -> Confidential | T4: =VLOOKUP(Q4,[2]Sheet2!$D:$F,3,FALSE) -> Confidential | U4: =VLOOKUP(Q4,[2]Sheet2!$D:$G,4,FALSE) -> Confidential
A5: Emp. ID | B5: ✔ | C5: ✔ | D5: ✔ | E5: ✔ | F5: BOTH | G5: both | H5: VARCHAR(20) | I5: Primary Employee ID | J5: YES | K5: =VLOOKUP(A5,[1]Sheet4!A:B,2,FALSE) -> employee_id | L5: =VLOOKUP(K5,[3]Combined_Columns!$A:$B,2,FALSE) -> employee_bank, employee_contact, employee_core, employee_employment, employee_insurance, employee_onboard, employee_travel | M5: =VLOOKUP(K5,[3]Combined_Columns!$A:$E,5,FALSE) -> varchar | N5: =ISERROR(SEARCH(M5, H5)) -> FALSE | O5: NO | P5: Emp. ID | Q5: employee_id | R5: employee_bank, employee_contact, employee_core, employee_employment, employee_insurance, employee_onboard, employee_travel | S5: =VLOOKUP(Q5,[2]Sheet2!$D:$E,2,FALSE) -> Public | T5: =VLOOKUP(Q5,[2]Sheet2!$D:$F,3,FALSE) -> Public | U5: =VLOOKUP(Q5,[2]Sheet2!$D:$G,4,FALSE) -> Public
A6: IMIP ID | B6: ✔ | C6: ✔ | D6: — | E6: — | F6: IND | G6: both | H6: VARCHAR(20) | I6: IND only | J6: YES | K6: =VLOOKUP(A6,[1]Sheet4!A:B,2,FALSE) -> imip_id | L6: =VLOOKUP(K6,[3]Combined_Columns!$A:$B,2,FALSE) -> employee_core | M6: =VLOOKUP(K6,[3]Combined_Columns!$A:$E,5,FALSE) -> varchar | N6: =ISERROR(SEARCH(M6, H6)) -> FALSE | O6: NO | P6: IMIP ID | Q6: imip_id | R6: employee_core | S6: =VLOOKUP(Q6,[2]Sheet2!$D:$E,2,FALSE) -> Y | T6: =VLOOKUP(Q6,[2]Sheet2!$D:$F,3,FALSE) -> Y | U6: =VLOOKUP(Q6,[2]Sheet2!$D:$G,4,FALSE) -> 0
A7: Employee Name | B7: ✔ | C7: ✔ | D7: ✔ | E7: ✔ | F7: BOTH | G7: both | H7: VARCHAR(100) | I7: — | J7: YES | K7: =VLOOKUP(A7,[1]Sheet4!A:B,2,FALSE) -> name | L7: =VLOOKUP(K7,[3]Combined_Columns!$A:$B,2,FALSE) -> employee_core | M7: =VLOOKUP(K7,[3]Combined_Columns!$A:$E,5,FALSE) -> varchar | N7: =ISERROR(SEARCH(M7, H7)) -> FALSE | O7: NO | P7: Employee Name | Q7: name | R7: employee_core | S7: =VLOOKUP(Q7,[2]Sheet2!$D:$E,2,FALSE) -> Public | T7: =VLOOKUP(Q7,[2]Sheet2!$D:$F,3,FALSE) -> Public | U7: =VLOOKUP(Q7,[2]Sheet2!$D:$G,4,FALSE) -> Public
A8: Gender | B8: ✔ | C8: ✔ | D8: ✔ | E8: ✔ | F8: BOTH | G8: both | H8: VARCHAR(10) | I8: Male/Female | J8: YES | K8: =VLOOKUP(A8,[1]Sheet4!A:B,2,FALSE) -> gender | L8: =VLOOKUP(K8,[3]Combined_Columns!$A:$B,2,FALSE) -> employee_core | M8: =VLOOKUP(K8,[3]Combined_Columns!$A:$E,5,FALSE) -> char | N8: =ISERROR(SEARCH(M8, H8)) -> FALSE | O8: NO | P8: Gender | Q8: gender | R8: employee_core | S8: =VLOOKUP(Q8,[2]Sheet2!$D:$E,2,FALSE) -> Public | T8: =VLOOKUP(Q8,[2]Sheet2!$D:$F,3,FALSE) -> Public | U8: =VLOOKUP(Q8,[2]Sheet2!$D:$G,4,FALSE) -> Public
A9: Place of Birth | B9: ✔ | C9: ✔ | D9: ✔ | E9: ✔ | F9: BOTH | G9: both | H9: VARCHAR(50) | I9: — | J9: YES | K9: =VLOOKUP(A9,[1]Sheet4!A:B,2,FALSE) -> place_of_birth | L9: =VLOOKUP(K9,[3]Combined_Columns!$A:$B,2,FALSE) -> employee_core | M9: =VLOOKUP(K9,[3]Combined_Columns!$A:$E,5,FALSE) -> varchar | N9: =ISERROR(SEARCH(M9, H9)) -> FALSE | O9: NO | P9: Place of Birth | Q9: place_of_birth | R9: employee_core | S9: =VLOOKUP(Q9,[2]Sheet2!$D:$E,2,FALSE) -> Y | T9: =VLOOKUP(Q9,[2]Sheet2!$D:$F,3,FALSE) -> 0 | U9: =VLOOKUP(Q9,[2]Sheet2!$D:$G,4,FALSE) -> 0
A10: Date of Birth | B10: ✔ | C10: ✔ | D10: ✔ | E10: ✔ | F10: BOTH | G10: both | H10: DATE | I10: — | J10: YES | K10: =VLOOKUP(A10,[1]Sheet4!A:B,2,FALSE) -> date_of_birth | L10: =VLOOKUP(K10,[3]Combined_Columns!$A:$B,2,FALSE) -> employee_core | M10: =VLOOKUP(K10,[3]Combined_Columns!$A:$E,5,FALSE) -> date | N10: =ISERROR(SEARCH(M10, H10)) -> FALSE | O10: NO | P10: Date of Birth | Q10: date_of_birth | R10: employee_core | S10: =VLOOKUP(Q10,[2]Sheet2!$D:$E,2,FALSE) -> Y | T10: =VLOOKUP(Q10,[2]Sheet2!$D:$F,3,FALSE) -> 0 | U10: =VLOOKUP(Q10,[2]Sheet2!$D:$G,4,FALSE) -> 0
A11: Age | B11: ✔ | C11: ✔ | D11: ✔ | E11: ✔ | F11: BOTH | G11: both | H11: INT | I11: Calculated | J11: NO | K11: age | L11: =VLOOKUP(K11,[3]Combined_Columns!$A:$B,2,FALSE) -> employee_core | M11: =VLOOKUP(K11,[3]Combined_Columns!$A:$E,5,FALSE) -> int | N11: =ISERROR(SEARCH(M11, H11)) -> FALSE | O11: NO | P11: Age | Q11: age | R11: employee_core | S11: =VLOOKUP(Q11,[2]Sheet2!$D:$E,2,FALSE) -> Y | T11: =VLOOKUP(Q11,[2]Sheet2!$D:$F,3,FALSE) -> 0 | U11: =VLOOKUP(Q11,[2]Sheet2!$D:$G,4,FALSE) -> 0
A12: Marital Status | B12: ✔ | C12: ✔ | D12: ✔ | E12: ✔ | F12: BOTH | G12: both | H12: VARCHAR(20) | I12: Single/Married | J12: YES | K12: =VLOOKUP(A12,[1]Sheet4!A:B,2,FALSE) -> marital_status | L12: =VLOOKUP(K12,[3]Combined_Columns!$A:$B,2,FALSE) -> employee_core | M12: =VLOOKUP(K12,[3]Combined_Columns!$A:$E,5,FALSE) -> varchar | N12: =ISERROR(SEARCH(M12, H12)) -> FALSE | O12: NO | P12: Marital Status | Q12: marital_status | R12: employee_core | S12: =VLOOKUP(Q12,[2]Sheet2!$D:$E,2,FALSE) -> Confidential | T12: =VLOOKUP(Q12,[2]Sheet2!$D:$F,3,FALSE) -> Confidential | U12: =VLOOKUP(Q12,[2]Sheet2!$D:$G,4,FALSE) -> Confidential
A13: Tax Status | B13: ✔ | C13: ✔ | D13: ✔ | E13: ✔ | F13: BOTH | G13: both | H13: VARCHAR(10) | I13: K0/K1/K2 | J13: YES | K13: =VLOOKUP(A13,[1]Sheet4!A:B,2,FALSE) -> tax_status | L13: =VLOOKUP(K13,[3]Combined_Columns!$A:$B,2,FALSE) -> employee_core | M13: =VLOOKUP(K13,[3]Combined_Columns!$A:$E,5,FALSE) -> varchar | N13: =ISERROR(SEARCH(M13, H13)) -> FALSE | O13: NO | P13: Tax Status | Q13: tax_status | R13: employee_core | S13: =VLOOKUP(Q13,[2]Sheet2!$D:$E,2,FALSE) -> 0 | T13: =VLOOKUP(Q13,[2]Sheet2!$D:$F,3,FALSE) -> 0 | U13: =VLOOKUP(Q13,[2]Sheet2!$D:$G,4,FALSE) -> Y
A14: Spouse Name | B14: ✔ | C14: ✔ | D14: — | E14: — | F14: IND | G14: both | H14: VARCHAR(100) | I14: IND only | J14: YES | K14: =VLOOKUP(A14,[1]Sheet4!A:B,2,FALSE) -> spouse_name | L14: =VLOOKUP(K14,[3]Combined_Columns!$A:$B,2,FALSE) -> employee_contact | M14: =VLOOKUP(K14,[3]Combined_Columns!$A:$E,5,FALSE) -> varchar | N14: =ISERROR(SEARCH(M14, H14)) -> FALSE | O14: NO | P14: Spouse Name | Q14: spouse_name | R14: employee_contact | S14: =VLOOKUP(Q14,[2]Sheet2!$D:$E,2,FALSE) -> Confidential | T14: =VLOOKUP(Q14,[2]Sheet2!$D:$F,3,FALSE) -> Confidential | U14: =VLOOKUP(Q14,[2]Sheet2!$D:$G,4,FALSE) -> Confidential
A15: Child Name 1 | B15: ✔ | C15: ✔ | D15: — | E15: — | F15: IND | G15: both | H15: VARCHAR(100) | I15: IND only | J15: YES | K15: =VLOOKUP(A15,[1]Sheet4!A:B,2,FALSE) -> child_name_1 | L15: =VLOOKUP(K15,[3]Combined_Columns!$A:$B,2,FALSE) -> employee_contact | M15: =VLOOKUP(K15,[3]Combined_Columns!$A:$E,5,FALSE) -> varchar | N15: =ISERROR(SEARCH(M15, H15)) -> FALSE | O15: NO | P15: Child Name 1 | Q15: child_name_1 | R15: employee_contact | S15: =VLOOKUP(Q15,[2]Sheet2!$D:$E,2,FALSE) -> Confidential | T15: =VLOOKUP(Q15,[2]Sheet2!$D:$F,3,FALSE) -> Confidential | U15: =VLOOKUP(Q15,[2]Sheet2!$D:$G,4,FALSE) -> Confidential
A16: Child Name 2 | B16: ✔ | C16: ✔ | D16: — | E16: — | F16: IND | G16: both | H16: VARCHAR(100) | I16: IND only | J16: YES | K16: =VLOOKUP(A16,[1]Sheet4!A:B,2,FALSE) -> child_name_2 | L16: =VLOOKUP(K16,[3]Combined_Columns!$A:$B,2,FALSE) -> employee_contact | M16: =VLOOKUP(K16,[3]Combined_Columns!$A:$E,5,FALSE) -> varchar | N16: =ISERROR(SEARCH(M16, H16)) -> FALSE | O16: NO | P16: Child Name 2 | Q16: child_name_2 | R16: employee_contact | S16: =VLOOKUP(Q16,[2]Sheet2!$D:$E,2,FALSE) -> Confidential | T16: =VLOOKUP(Q16,[2]Sheet2!$D:$F,3,FALSE) -> Confidential | U16: =VLOOKUP(Q16,[2]Sheet2!$D:$G,4,FALSE) -> Confidential
A17: Child Name 3 | B17: ✔ | C17: ✔ | D17: — | E17: — | F17: IND | G17: both | H17: VARCHAR(100) | I17: IND only | J17: YES | K17: =VLOOKUP(A17,[1]Sheet4!A:B,2,FALSE) -> child_name_3 | L17: =VLOOKUP(K17,[3]Combined_Columns!$A:$B,2,FALSE) -> employee_contact | M17: =VLOOKUP(K17,[3]Combined_Columns!$A:$E,5,FALSE) -> varchar | N17: =ISERROR(SEARCH(M17, H17)) -> FALSE | O17: NO | P17: Child Name 3 | Q17: child_name_3 | R17: employee_contact | S17: =VLOOKUP(Q17,[2]Sheet2!$D:$E,2,FALSE) -> Confidential | T17: =VLOOKUP(Q17,[2]Sheet2!$D:$F,3,FALSE) -> Confidential | U17: =VLOOKUP(Q17,[2]Sheet2!$D:$G,4,FALSE) -> Confidential
A18: Religion | B18: ✔ | C18: ✔ | D18: ✔ | E18: ✔ | F18: BOTH | G18: both | H18: VARCHAR(30) | I18: — | J18: YES | K18: =VLOOKUP(A18,[1]Sheet4!A:B,2,FALSE) -> religion | L18: =VLOOKUP(K18,[3]Combined_Columns!$A:$B,2,FALSE) -> employee_core | M18: =VLOOKUP(K18,[3]Combined_Columns!$A:$E,5,FALSE) -> varchar | N18: =ISERROR(SEARCH(M18, H18)) -> FALSE | O18: NO | P18: Religion | Q18: religion | R18: employee_core | S18: =VLOOKUP(Q18,[2]Sheet2!$D:$E,2,FALSE) -> Y | T18: =VLOOKUP(Q18,[2]Sheet2!$D:$F,3,FALSE) -> 0 | U18: =VLOOKUP(Q18,[2]Sheet2!$D:$G,4,FALSE) -> Y
A19: Nationality | B19: ✔ | C19: ✔ | D19: ✔ | E19: ✔ | F19: BOTH | G19: both | H19: VARCHAR(50) | I19: e.g. Indonesia/China | J19: YES | K19: =VLOOKUP(A19,[1]Sheet4!A:B,2,FALSE) -> nationality | L19: =VLOOKUP(K19,[3]Combined_Columns!$A:$B,2,FALSE) -> employee_core | M19: =VLOOKUP(K19,[3]Combined_Columns!$A:$E,5,FALSE) -> varchar | N19: =ISERROR(SEARCH(M19, H19)) -> FALSE | O19: NO | P19: Nationality | Q19: nationality | R19: employee_core | S19: =VLOOKUP(Q19,[2]Sheet2!$D:$E,2,FALSE) -> Y | T19: =VLOOKUP(Q19,[2]Sheet2!$D:$F,3,FALSE) -> 0 | U19: =VLOOKUP(Q19,[2]Sheet2!$D:$G,4,FALSE) -> Y
A20: Blood Type | B20: ✔ | C20: ✔ | D20: ✔ | E20: ✔ | F20: BOTH | G20: both | H20: VARCHAR(5) | I20: A/B/AB/O | J20: YES | K20: =VLOOKUP(A20,[1]Sheet4!A:B,2,FALSE) -> blood_type | L20: =VLOOKUP(K20,[3]Combined_Columns!$A:$B,2,FALSE) -> employee_core | M20: =VLOOKUP(K20,[3]Combined_Columns!$A:$E,5,FALSE) -> varchar | N20: =ISERROR(SEARCH(M20, H20)) -> FALSE | O20: NO | P20: Blood Type | Q20: blood_type | R20: employee_core | S20: =VLOOKUP(Q20,[2]Sheet2!$D:$E,2,FALSE) -> Y | T20: =VLOOKUP(Q20,[2]Sheet2!$D:$F,3,FALSE) -> 0 | U20: =VLOOKUP(Q20,[2]Sheet2!$D:$G,4,FALSE) -> Y
A21: Mobile Phone | B21: ✔ | C21: ✔ | D21: ✔ | E21: ✔ | F21: BOTH | G21: both | H21: VARCHAR(20) | I21: — | J21: YES | K21: =VLOOKUP(A21,[1]Sheet4!A:B,2,FALSE) -> phone_number | L21: =VLOOKUP(K21,[3]Combined_Columns!$A:$B,2,FALSE) -> employee_contact | M21: =VLOOKUP(K21,[3]Combined_Columns!$A:$E,5,FALSE) -> varchar | N21: =ISERROR(SEARCH(M21, H21)) -> FALSE | O21: NO | P21: Mobile Phone | Q21: phone_number | R21: employee_contact | S21: =VLOOKUP(Q21,[2]Sheet2!$D:$E,2,FALSE) -> Public | T21: =VLOOKUP(Q21,[2]Sheet2!$D:$F,3,FALSE) -> Public | U21: =VLOOKUP(Q21,[2]Sheet2!$D:$G,4,FALSE) -> Public
A22: Emergency Contact Name | B22: ✔ | C22: ✔ | D22: — | E22: — | F22: IND | G22: both | H22: VARCHAR(100) | I22: IND only | J22: YES | K22: =VLOOKUP(A22,[1]Sheet4!A:B,2,FALSE) -> emergency_contact_name | L22: =VLOOKUP(K22,[3]Combined_Columns!$A:$B,2,FALSE) -> employee_contact | M22: =VLOOKUP(K22,[3]Combined_Columns!$A:$E,5,FALSE) -> varchar | N22: =ISERROR(SEARCH(M22, H22)) -> FALSE | O22: NO | P22: Emergency Contact Name | Q22: emergency_contact_name | R22: employee_contact | S22: =VLOOKUP(Q22,[2]Sheet2!$D:$E,2,FALSE) -> Y | T22: =VLOOKUP(Q22,[2]Sheet2!$D:$F,3,FALSE) -> 0 | U22: =VLOOKUP(Q22,[2]Sheet2!$D:$G,4,FALSE) -> 0
A23: Emergency Contact Phone | B23: ✔ | C23: ✔ | D23: — | E23: — | F23: IND | G23: both | H23: VARCHAR(20) | I23: IND only | J23: YES | K23: =VLOOKUP(A23,[1]Sheet4!A:B,2,FALSE) -> emergency_contact_phone | L23: =VLOOKUP(K23,[3]Combined_Columns!$A:$B,2,FALSE) -> employee_contact | M23: =VLOOKUP(K23,[3]Combined_Columns!$A:$E,5,FALSE) -> varchar | N23: =ISERROR(SEARCH(M23, H23)) -> FALSE | O23: NO | P23: Emergency Contact Phone | Q23: emergency_contact_phone | R23: employee_contact | S23: =VLOOKUP(Q23,[2]Sheet2!$D:$E,2,FALSE) -> Y | T23: =VLOOKUP(Q23,[2]Sheet2!$D:$F,3,FALSE) -> 0 | U23: =VLOOKUP(Q23,[2]Sheet2!$D:$G,4,FALSE) -> 0
... A37: End Contract | B37: ✔ | C37: ✔ | D37: ✔ | E37: ✔ | F37: BOTH | G37: both | H37: DATE | I37: — | J37: YES | K37: =VLOOKUP(A37,[1]Sheet4!A:B,2,FALSE) -> end_contract | L37: =VLOOKUP(K37,[3]Combined_Columns!$A:$B,2,FALSE) -> employee_onboard | M37: =VLOOKUP(K37,[3]Combined_Columns!$A:$E,5,FALSE) -> date | N37: =ISERROR(SEARCH(M37, H37)) -> FALSE | O37: NO | P37: End Contract | Q37: end_contract | R37: employee_onboard | S37: =VLOOKUP(Q37,[2]Sheet2!$D:$E,2,FALSE) -> Y | T37: =VLOOKUP(Q37,[2]Sheet2!$D:$F,3,FALSE) -> 0 | U37: =VLOOKUP(Q37,[2]Sheet2!$D:$G,4,FALSE) -> Y
A38: Years in Service | B38: ✔ | C38: ✔ | D38: ✔ | E38: ✔ | F38: BOTH | G38: both | H38: VARCHAR(50) | I38: As-is: “2Tahun11Bulan” | J38: NO | K38: years_in_service | L38: =VLOOKUP(K38,[3]Combined_Columns!$A:$B,2,FALSE) -> employee_onboard | M38: =VLOOKUP(K38,[3]Combined_Columns!$A:$E,5,FALSE) -> int | N38: =ISERROR(SEARCH(M38, H38)) -> TRUE | O38: NO | P38: Years in Service | Q38: years_in_service | R38: employee_onboard | S38: =VLOOKUP(Q38,[2]Sheet2!$D:$E,2,FALSE) -> Y | T38: =VLOOKUP(Q38,[2]Sheet2!$D:$F,3,FALSE) -> 0 | U38: =VLOOKUP(Q38,[2]Sheet2!$D:$G,4,FALSE) -> Y
A39: Branch ID | B39: ✔ | C39: ✔ | D39: — | E39: — | F39: IND | G39: both | H39: VARCHAR(20) | I39: IND | J39: YES | K39: =VLOOKUP(A39,[1]Sheet4!A:B,2,FALSE) -> 0 | M39: =VLOOKUP(K39,[3]Combined_Columns!$A:$E,5,FALSE) -> #N/A | O39: YES | P39: Branch ID | Q39: branch_id | R39: employee_core | S39: =VLOOKUP(Q39,[2]Sheet2!$D:$E,2,FALSE) -> #N/A | T39: =VLOOKUP(Q39,[2]Sheet2!$D:$F,3,FALSE) -> #N/A | U39: =VLOOKUP(Q39,[2]Sheet2!$D:$G,4,FALSE) -> #N/A
A40: Branch | B40: ✔ | C40: ✔ | D40: — | E40: — | F40: IND | G40: both | H40: VARCHAR(50) | I40: — | J40: YES | K40: =VLOOKUP(A40,[1]Sheet4!A:B,2,FALSE) -> 0 | M40: =VLOOKUP(K40,[3]Combined_Columns!$A:$E,5,FALSE) -> #N/A | O40: YES | P40: Branch | Q40: branch | R40: employee_core | S40: =VLOOKUP(Q40,[2]Sheet2!$D:$E,2,FALSE) -> #N/A | T40: =VLOOKUP(Q40,[2]Sheet2!$D:$F,3,FALSE) -> #N/A | U40: =VLOOKUP(Q40,[2]Sheet2!$D:$G,4,FALSE) -> #N/A
A41: Company Office | B41: — | C41: — | D41: ✔ | E41: ✔ | F41: EXP | G41: both | H41: VARCHAR(100) | I41: EXP only | J41: YES | K41: =VLOOKUP(A41,[1]Sheet4!A:B,2,FALSE) -> company_office | L41: =VLOOKUP(K41,[3]Combined_Columns!$A:$B,2,FALSE) -> employee_employment | M41: =VLOOKUP(K41,[3]Combined_Columns!$A:$E,5,FALSE) -> varchar | N41: =ISERROR(SEARCH(M41, H41)) -> FALSE | O41: NO | P41: Company Office | Q41: company_office | R41: employee_employment | S41: =VLOOKUP(Q41,[2]Sheet2!$D:$E,2,FALSE) -> Y | T41: =VLOOKUP(Q41,[2]Sheet2!$D:$F,3,FALSE) -> Y | U41: =VLOOKUP(Q41,[2]Sheet2!$D:$G,4,FALSE) -> 0
A42: Work Location | B42: — | C42: — | D42: ✔ | E42: ✔ | F42: EXP | G42: both | H42: VARCHAR(100) | I42: EXP only | J42: YES | K42: =VLOOKUP(A42,[1]Sheet4!A:B,2,FALSE) -> work_location | L42: =VLOOKUP(K42,[3]Combined_Columns!$A:$B,2,FALSE) -> employee_employment | M42: =VLOOKUP(K42,[3]Combined_Columns!$A:$E,5,FALSE) -> varchar | N42: =ISERROR(SEARCH(M42, H42)) -> FALSE | O42: NO | P42: Work Location | Q42: work_location | R42: employee_employment | S42: =VLOOKUP(Q42,[2]Sheet2!$D:$E,2,FALSE) -> Y | T42: =VLOOKUP(Q42,[2]Sheet2!$D:$F,3,FALSE) -> Y | U42: =VLOOKUP(Q42,[2]Sheet2!$D:$G,4,FALSE) -> 0
A43: Division | B43: ✔ | C43: ✔ | D43: ✔ | E43: ✔ | F43: BOTH | G43: both | H43: VARCHAR(100) | I43: — | J43: YES | K43: =VLOOKUP(A43,[1]Sheet4!A:B,2,FALSE) -> division | L43: =VLOOKUP(K43,[3]Combined_Columns!$A:$B,2,FALSE) -> employee_employment | M43: =VLOOKUP(K43,[3]Combined_Columns!$A:$E,5,FALSE) -> varchar | N43: =ISERROR(SEARCH(M43, H43)) -> FALSE | O43: NO | P43: Division | Q43: division | R43: employee_employment | S43: =VLOOKUP(Q43,[2]Sheet2!$D:$E,2,FALSE) -> Y | T43: =VLOOKUP(Q43,[2]Sheet2!$D:$F,3,FALSE) -> Y | U43: =VLOOKUP(Q43,[2]Sheet2!$D:$G,4,FALSE) -> 0
A44: Department | B44: ✔ | C44: ✔ | D44: ✔ | E44: ✔ | F44: BOTH | G44: both | H44: VARCHAR(100) | I44: — | J44: YES | K44: =VLOOKUP(A44,[1]Sheet4!A:B,2,FALSE) -> department | L44: =VLOOKUP(K44,[3]Combined_Columns!$A:$B,2,FALSE) -> employee_employment | M44: =VLOOKUP(K44,[3]Combined_Columns!$A:$E,5,FALSE) -> varchar | N44: =ISERROR(SEARCH(M44, H44)) -> FALSE | O44: NO | P44: Department | Q44: department | R44: employee_employment | S44: =VLOOKUP(Q44,[2]Sheet2!$D:$E,2,FALSE) -> Public | T44: =VLOOKUP(Q44,[2]Sheet2!$D:$F,3,FALSE) -> Public | U44: =VLOOKUP(Q44,[2]Sheet2!$D:$G,4,FALSE) -> Public
A45: Section | B45: ✔ | C45: ✔ | D45: ✔ | E45: ✔ | F45: BOTH | G45: both | H45: VARCHAR(100) | I45: — | J45: YES | K45: =VLOOKUP(A45,[1]Sheet4!A:B,2,FALSE) -> section | L45: =VLOOKUP(K45,[3]Combined_Columns!$A:$B,2,FALSE) -> employee_employment | M45: =VLOOKUP(K45,[3]Combined_Columns!$A:$E,5,FALSE) -> varchar | N45: =ISERROR(SEARCH(M45, H45)) -> FALSE | O45: NO | P45: Section | Q45: section | R45: employee_employment | S45: =VLOOKUP(Q45,[2]Sheet2!$D:$E,2,FALSE) -> Public | T45: =VLOOKUP(Q45,[2]Sheet2!$D:$F,3,FALSE) -> Public | U45: =VLOOKUP(Q45,[2]Sheet2!$D:$G,4,FALSE) -> Public
A46: Direct Report | B46: ✔ | C46: ✔ | D46: ✔ | E46: ✔ | F46: BOTH | G46: both | H46: VARCHAR(100) | I46: Supervisor | J46: YES | K46: =VLOOKUP(A46,[1]Sheet4!A:B,2,FALSE) -> direct_report | L46: =VLOOKUP(K46,[3]Combined_Columns!$A:$B,2,FALSE) -> employee_employment | M46: =VLOOKUP(K46,[3]Combined_Columns!$A:$E,5,FALSE) -> varchar | N46: =ISERROR(SEARCH(M46, H46)) -> FALSE | O46: NO | P46: Direct Report | Q46: direct_report | R46: employee_employment | S46: =VLOOKUP(Q46,[2]Sheet2!$D:$E,2,FALSE) -> Y | T46: =VLOOKUP(Q46,[2]Sheet2!$D:$F,3,FALSE) -> Y | U46: =VLOOKUP(Q46,[2]Sheet2!$D:$G,4,FALSE) -> 0
A47: Job Title | B47: ✔ | C47: ✔ | D47: ✔ | E47: ✔ | F47: BOTH | G47: both | H47: VARCHAR(100) | I47: — | J47: YES | K47: =VLOOKUP(A47,[1]Sheet4!A:B,2,FALSE) -> job_title | L47: =VLOOKUP(K47,[3]Combined_Columns!$A:$B,2,FALSE) -> employee_employment | M47: =VLOOKUP(K47,[3]Combined_Columns!$A:$E,5,FALSE) -> varchar | N47: =ISERROR(SEARCH(M47, H47)) -> FALSE | O47: NO | P47: Job Title | Q47: job_title | R47: employee_employment | S47: =VLOOKUP(Q47,[2]Sheet2!$D:$E,2,FALSE) -> Public | T47: =VLOOKUP(Q47,[2]Sheet2!$D:$F,3,FALSE) -> Public | U47: =VLOOKUP(Q47,[2]Sheet2!$D:$G,4,FALSE) -> Public
A48: Grade | B48: ✔ | C48: ✔ | D48: ✔ | E48: ✔ | F48: BOTH | G48: both | H48: VARCHAR(10) | I48: — | J48: YES | K48: =VLOOKUP(A48,[1]Sheet4!A:B,2,FALSE) -> grade | L48: =VLOOKUP(K48,[3]Combined_Columns!$A:$B,2,FALSE) -> employee_employment | M48: =VLOOKUP(K48,[3]Combined_Columns!$A:$E,5,FALSE) -> varchar | N48: =ISERROR(SEARCH(M48, H48)) -> FALSE | O48: NO | P48: Grade | Q48: grade | R48: employee_employment | S48: =VLOOKUP(Q48,[2]Sheet2!$D:$E,2,FALSE) -> Confidential | T48: =VLOOKUP(Q48,[2]Sheet2!$D:$F,3,FALSE) -> Confidential | U48: =VLOOKUP(Q48,[2]Sheet2!$D:$G,4,FALSE) -> Confidential
A49: Position Grade | B49: ✔ | C49: ✔ | D49: ✔ | E49: ✔ | F49: BOTH | G49: both | H49: VARCHAR(50) | I49: Staff/NonStaff | J49: YES | K49: =VLOOKUP(A49,[1]Sheet4!A:B,2,FALSE) -> position_grade | L49: =VLOOKUP(K49,[3]Combined_Columns!$A:$B,2,FALSE) -> employee_employment | M49: =VLOOKUP(K49,[3]Combined_Columns!$A:$E,5,FALSE) -> varchar | N49: =ISERROR(SEARCH(M49, H49)) -> FALSE | O49: NO | P49: Position Grade | Q49: position_grade | R49: employee_employment | S49: =VLOOKUP(Q49,[2]Sheet2!$D:$E,2,FALSE) -> Public | T49: =VLOOKUP(Q49,[2]Sheet2!$D:$F,3,FALSE) -> Public | U49: =VLOOKUP(Q49,[2]Sheet2!$D:$G,4,FALSE) -> Public
A50: Group Job Title | B50: ✔ | C50: ✔ | D50: ✔ | E50: ✔ | F50: BOTH | G50: both | H50: VARCHAR(100) | I50: — | J50: YES | K50: =VLOOKUP(A50,[1]Sheet4!A:B,2,FALSE) -> group_job_title | L50: =VLOOKUP(K50,[3]Combined_Columns!$A:$B,2,FALSE) -> employee_employment | M50: =VLOOKUP(K50,[3]Combined_Columns!$A:$E,5,FALSE) -> varchar | N50: =ISERROR(SEARCH(M50, H50)) -> FALSE | O50: NO | P50: Group Job Title | Q50: group_job_title | R50: employee_employment | S50: =VLOOKUP(Q50,[2]Sheet2!$D:$E,2,FALSE) -> Y | T50: =VLOOKUP(Q50,[2]Sheet2!$D:$F,3,FALSE) -> Y | U50: =VLOOKUP(Q50,[2]Sheet2!$D:$G,4,FALSE) -> 0
A51: Bank Name | B51: ✔ | C51: ✔ | D51: — | E51: — | F51: IND | G51: both | H51: VARCHAR(100) | I51: IND | J51: YES | K51: =VLOOKUP(A51,[1]Sheet4!A:B,2,FALSE) -> bank_name | L51: =VLOOKUP(K51,[3]Combined_Columns!$A:$B,2,FALSE) -> employee_bank | M51: =VLOOKUP(K51,[3]Combined_Columns!$A:$E,5,FALSE) -> varchar | N51: =ISERROR(SEARCH(M51, H51)) -> FALSE | O51: NO | P51: Bank Name | Q51: bank_name | R51: employee_bank | S51: =VLOOKUP(Q51,[2]Sheet2!$D:$E,2,FALSE) -> 0 | T51: =VLOOKUP(Q51,[2]Sheet2!$D:$F,3,FALSE) -> Y | U51: =VLOOKUP(Q51,[2]Sheet2!$D:$G,4,FALSE) -> 0
A52: Account Name | B52: ✔ | C52: ✔ | D52: — | E52: — | F52: IND | G52: both | H52: VARCHAR(100) | I52: IND | J52: YES | K52: =VLOOKUP(A52,[1]Sheet4!A:B,2,FALSE) -> account_name | L52: =VLOOKUP(K52,[3]Combined_Columns!$A:$B,2,FALSE) -> employee_bank | M52: =VLOOKUP(K52,[3]Combined_Columns!$A:$E,5,FALSE) -> varchar | N52: =ISERROR(SEARCH(M52, H52)) -> FALSE | O52: NO | P52: Account Name | Q52: account_name | R52: employee_bank | S52: =VLOOKUP(Q52,[2]Sheet2!$D:$E,2,FALSE) -> 0 | T52: =VLOOKUP(Q52,[2]Sheet2!$D:$F,3,FALSE) -> Y | U52: =VLOOKUP(Q52,[2]Sheet2!$D:$G,4,FALSE) -> 0
... A61: Travel Out | B61: ✔ | C61: — | D61: ✔ | E61: — | F61: BOTH | G61: active | H61: DATE | I61: — | J61: YES | K61: =VLOOKUP(A61,[1]Sheet4!A:B,2,FALSE) -> travel_out | L61: =VLOOKUP(K61,[3]Combined_Columns!$A:$B,2,FALSE) -> employee_travel | M61: =VLOOKUP(K61,[3]Combined_Columns!$A:$E,5,FALSE) -> date | N61: =ISERROR(SEARCH(M61, H61)) -> FALSE | O61: NO | P61: Travel Out | Q61: travel_out | R61: employee_travel | S61: =VLOOKUP(Q61,[2]Sheet2!$D:$E,2,FALSE) -> Confidential | T61: =VLOOKUP(Q61,[2]Sheet2!$D:$F,3,FALSE) -> Confidential | U61: =VLOOKUP(Q61,[2]Sheet2!$D:$G,4,FALSE) -> Confidential
A62: Social Insurance No (alt BPJS TK) | B62: — | C62: ✔ | D62: — | E62: — | F62: IND | G62: inactive | H62: VARCHAR(30) | I62: IND inactive only | J62: YES | K62: =VLOOKUP(A62,[1]Sheet4!A:B,2,FALSE) -> 0 | M62: =VLOOKUP(K62,[3]Combined_Columns!$A:$E,5,FALSE) -> #N/A | O62: YES | P62: Social Insurance No (alt BPJS TK) | Q62: social_insurance_no_alt | R62: employee_insurance | S62: =VLOOKUP(Q62,[2]Sheet2!$D:$E,2,FALSE) -> #N/A | T62: =VLOOKUP(Q62,[2]Sheet2!$D:$F,3,FALSE) -> #N/A | U62: =VLOOKUP(Q62,[2]Sheet2!$D:$G,4,FALSE) -> #N/A
A63: BPJS Kesehatan No (alt BPJS KES) | B63: — | C63: ✔ | D63: — | E63: — | F63: IND | G63: inactive | H63: VARCHAR(30) | I63: IND inactive only | J63: YES | K63: =VLOOKUP(A63,[1]Sheet4!A:B,2,FALSE) -> 0 | M63: =VLOOKUP(K63,[3]Combined_Columns!$A:$E,5,FALSE) -> #N/A | O63: YES | P63: BPJS Kesehatan No (alt BPJS KES) | Q63: bpjs_kes_no_alt | R63: employee_insurance | S63: =VLOOKUP(Q63,[2]Sheet2!$D:$E,2,FALSE) -> #N/A | T63: =VLOOKUP(Q63,[2]Sheet2!$D:$F,3,FALSE) -> #N/A | U63: =VLOOKUP(Q63,[2]Sheet2!$D:$G,4,FALSE) -> #N/A
A64: Terminated Date | B64: — | C64: ✔ | D64: — | E64: ✔ | F64: BOTH | G64: inactive | H64: DATE | I64: — | J64: YES | K64: =VLOOKUP(A64,[1]Sheet4!A:B,2,FALSE) -> terminated_date | L64: =VLOOKUP(K64,[3]Combined_Columns!$A:$B,2,FALSE) -> employee_employment | M64: =VLOOKUP(K64,[3]Combined_Columns!$A:$E,5,FALSE) -> date | N64: =ISERROR(SEARCH(M64, H64)) -> FALSE | O64: NO | P64: Terminated Date | Q64: terminated_date | R64: employee_employment | S64: =VLOOKUP(Q64,[2]Sheet2!$D:$E,2,FALSE) -> Y | T64: =VLOOKUP(Q64,[2]Sheet2!$D:$F,3,FALSE) -> 0 | U64: =VLOOKUP(Q64,[2]Sheet2!$D:$G,4,FALSE) -> Y
A65: Terminated Type | B65: — | C65: ✔ | D65: — | E65: ✔ | F65: BOTH | G65: inactive | H65: VARCHAR(50) | I65: — | J65: YES | K65: =VLOOKUP(A65,[1]Sheet4!A:B,2,FALSE) -> terminated_type | L65: =VLOOKUP(K65,[3]Combined_Columns!$A:$B,2,FALSE) -> employee_employment | M65: =VLOOKUP(K65,[3]Combined_Columns!$A:$E,5,FALSE) -> varchar | N65: =ISERROR(SEARCH(M65, H65)) -> FALSE | O65: NO | P65: Terminated Type | Q65: terminated_type | R65: employee_employment | S65: =VLOOKUP(Q65,[2]Sheet2!$D:$E,2,FALSE) -> Y | T65: =VLOOKUP(Q65,[2]Sheet2!$D:$F,3,FALSE) -> 0 | U65: =VLOOKUP(Q65,[2]Sheet2!$D:$G,4,FALSE) -> 0
A66: Terminated Reason | B66: — | C66: ✔ | D66: — | E66: ✔ | F66: BOTH | G66: inactive | H66: VARCHAR(255) | I66: — | J66: YES | K66: =VLOOKUP(A66,[1]Sheet4!A:B,2,FALSE) -> terminated_reason | L66: =VLOOKUP(K66,[3]Combined_Columns!$A:$B,2,FALSE) -> employee_employment | M66: =VLOOKUP(K66,[3]Combined_Columns!$A:$E,5,FALSE) -> varchar | N66: =ISERROR(SEARCH(M66, H66)) -> FALSE | O66: NO | P66: Terminated Reason | Q66: terminated_reason | R66: employee_employment | S66: =VLOOKUP(Q66,[2]Sheet2!$D:$E,2,FALSE) -> Y | T66: =VLOOKUP(Q66,[2]Sheet2!$D:$F,3,FALSE) -> 0 | U66: =VLOOKUP(Q66,[2]Sheet2!$D:$G,4,FALSE) -> 0
A67: Black List MTI | B67: — | C67: ✔ | D67: — | E67: — | F67: IND | G67: inactive | H67: BIT | I67: IND only | J67: YES | K67: =VLOOKUP(A67,[1]Sheet4!A:B,2,FALSE) -> blacklist_mti | L67: =VLOOKUP(K67,[3]Combined_Columns!$A:$B,2,FALSE) -> employee_employment | M67: =VLOOKUP(K67,[3]Combined_Columns!$A:$E,5,FALSE) -> varchar | N67: =ISERROR(SEARCH(M67, H67)) -> TRUE | O67: NO | P67: Black List MTI | Q67: blacklist_mti | R67: employee_employment | S67: =VLOOKUP(Q67,[2]Sheet2!$D:$E,2,FALSE) -> Y | T67: =VLOOKUP(Q67,[2]Sheet2!$D:$F,3,FALSE) -> 0 | U67: =VLOOKUP(Q67,[2]Sheet2!$D:$G,4,FALSE) -> 0
A68: Black List IMIP | B68: — | C68: ✔ | D68: — | E68: — | F68: IND | G68: inactive | H68: BIT | I68: IND only | J68: YES | K68: =VLOOKUP(A68,[1]Sheet4!A:B,2,FALSE) -> blacklist_imip | L68: =VLOOKUP(K68,[3]Combined_Columns!$A:$B,2,FALSE) -> employee_employment | M68: =VLOOKUP(K68,[3]Combined_Columns!$A:$E,5,FALSE) -> varchar | N68: =ISERROR(SEARCH(M68, H68)) -> TRUE | O68: NO | P68: Black List IMIP | Q68: blacklist_imip | R68: employee_employment | S68: =VLOOKUP(Q68,[2]Sheet2!$D:$E,2,FALSE) -> Y | T68: =VLOOKUP(Q68,[2]Sheet2!$D:$F,3,FALSE) -> 0 | U68: =VLOOKUP(Q68,[2]Sheet2!$D:$G,4,FALSE) -> 0
A69: Office Email | B69: ✔ | C69: — | D69: — | E69: — | F69: IND | G69: active | H69: VARCHAR(150) | I69: IND only | J69: YES | K69: 0 | M69: =VLOOKUP(K69,[3]Combined_Columns!$A:$E,5,FALSE) -> #N/A | O69: YES | P69: Office Email | Q69: office_email | R69: employee_core | S69: =VLOOKUP(Q69,[2]Sheet2!$D:$E,2,FALSE) -> #N/A | T69: =VLOOKUP(Q69,[2]Sheet2!$D:$F,3,FALSE) -> #N/A | U69: =VLOOKUP(Q69,[2]Sheet2!$D:$G,4,FALSE) -> #N/A
A70: Locality Status | B70: ✔ | C70: — | D70: — | E70: — | F70: IND | G70: active | H70: VARCHAR(20) | I70: IND only | J70: YES | K70: =VLOOKUP(A70,[1]Sheet4!A:B,2,FALSE) -> locality_status | M70: =VLOOKUP(K70,[3]Combined_Columns!$A:$E,5,FALSE) -> #N/A | N70: =ISERROR(SEARCH(M70, H70)) -> TRUE | O70: NO | P70: Locality Status | Q70: locality_status | R70: employee_employment | S70: =VLOOKUP(Q70,[2]Sheet2!$D:$E,2,FALSE) -> #N/A | T70: =VLOOKUP(Q70,[2]Sheet2!$D:$F,3,FALSE) -> #N/A | U70: =VLOOKUP(Q70,[2]Sheet2!$D:$G,4,FALSE) -> #N/A
A71: FPG No | B71: ✔ | C71: — | D71: — | E71: — | F71: IND | G71: active | H71: VARCHAR(30) | I71: IND only | J71: YES | K71: =VLOOKUP(A71,[1]Sheet4!A:B,2,FALSE) -> 0 | M71: =VLOOKUP(K71,[3]Combined_Columns!$A:$E,5,FALSE) -> #N/A | O71: YES | P71: FPG No | Q71: fpg_no | R71: employee_insurance | S71: =VLOOKUP(Q71,[2]Sheet2!$D:$E,2,FALSE) -> #N/A | T71: =VLOOKUP(Q71,[2]Sheet2!$D:$F,3,FALSE) -> #N/A | U71: =VLOOKUP(Q71,[2]Sheet2!$D:$G,4,FALSE) -> #N/A
A72: OWLEXA No | B72: ✔ | C72: — | D72: — | E72: — | F72: IND | G72: active | H72: VARCHAR(30) | I72: IND only | J72: YES | K72: =VLOOKUP(A72,[1]Sheet4!A:B,2,FALSE) -> 0 | M72: =VLOOKUP(K72,[3]Combined_Columns!$A:$E,5,FALSE) -> #N/A | O72: YES | P72: OWLEXA No | Q72: owlexa_no | R72: employee_insurance | S72: =VLOOKUP(Q72,[2]Sheet2!$D:$E,2,FALSE) -> #N/A | T72: =VLOOKUP(Q72,[2]Sheet2!$D:$F,3,FALSE) -> #N/A | U72: =VLOOKUP(Q72,[2]Sheet2!$D:$G,4,FALSE) -> #N/A
A73: Month of Birthday | B73: ✔ | C73: — | D73: — | E73: — | F73: IND | G73: active | H73: VARCHAR(15) | I73: Jan/Feb/… | J73: YES | K73: =VLOOKUP(A73,[1]Sheet4!A:B,2,FALSE) -> 0 | M73: =VLOOKUP(K73,[3]Combined_Columns!$A:$E,5,FALSE) -> #N/A | O73: YES | P73: Month of Birthday | Q73: month_of_birthday | R73: employee_core | S73: =VLOOKUP(Q73,[2]Sheet2!$D:$E,2,FALSE) -> #N/A | T73: =VLOOKUP(Q73,[2]Sheet2!$D:$F,3,FALSE) -> #N/A | U73: =VLOOKUP(Q73,[2]Sheet2!$D:$G,4,FALSE) -> #N/A
A74: ID CARD MTI | B74: — | C74: — | D74: ✔ | E74: — | F74: EXP | G74: active | H74: BIT | I74: EXP only | J74: YES | K74: =VLOOKUP(A74,[1]Sheet4!A:B,2,FALSE) -> 0 | M74: =VLOOKUP(K74,[3]Combined_Columns!$A:$E,5,FALSE) -> #N/A | O74: YES | P74: ID CARD MTI | Q74: id_card_mti | R74: employee_core | S74: =VLOOKUP(Q74,[2]Sheet2!$D:$E,2,FALSE) -> #N/A | T74: =VLOOKUP(Q74,[2]Sheet2!$D:$F,3,FALSE) -> #N/A | U74: =VLOOKUP(Q74,[2]Sheet2!$D:$G,4,FALSE) -> #N/A
A75: Field | B75: — | C75: — | D75: ✔ | E75: — | F75: EXP | G75: active | H75: VARCHAR(100) | I75: EXP only | J75: YES | K75: =VLOOKUP(A75,[1]Sheet4!A:B,2,FALSE) -> 0 | M75: =VLOOKUP(K75,[3]Combined_Columns!$A:$E,5,FALSE) -> #N/A | O75: YES | P75: Field | Q75: field | R75: employee_core | S75: =VLOOKUP(Q75,[2]Sheet2!$D:$E,2,FALSE) -> #N/A | T75: =VLOOKUP(Q75,[2]Sheet2!$D:$F,3,FALSE) -> #N/A | U75: =VLOOKUP(Q75,[2]Sheet2!$D:$G,4,FALSE) -> #N/A
A76: Bank Code | B76: — | C76: — | D76: ✔ | E76: — | F76: EXP | G76: active | H76: VARCHAR(20) | I76: EXP only | J76: YES | K76: =VLOOKUP(A76,[1]Sheet4!A:B,2,FALSE) -> 0 | M76: =VLOOKUP(K76,[3]Combined_Columns!$A:$E,5,FALSE) -> #N/A | O76: YES | P76: Bank Code | Q76: bank_code | R76: employee_bank | S76: =VLOOKUP(Q76,[2]Sheet2!$D:$E,2,FALSE) -> #N/A | T76: =VLOOKUP(Q76,[2]Sheet2!$D:$F,3,FALSE) -> #N/A | U76: =VLOOKUP(Q76,[2]Sheet2!$D:$G,4,FALSE) -> #N/A
A77: ICBC Bank Account No. | B77: — | C77: — | D77: ✔ | E77: — | F77: EXP | G77: active | H77: VARCHAR(50) | I77: EXP only | J77: YES | K77: =VLOOKUP(A77,[1]Sheet4!A:B,2,FALSE) -> 0 | M77: =VLOOKUP(K77,[3]Combined_Columns!$A:$E,5,FALSE) -> #N/A | O77: YES | P77: ICBC Bank Account No. | Q77: icbc_bank_account_no | R77: employee_bank | S77: =VLOOKUP(Q77,[2]Sheet2!$D:$E,2,FALSE) -> #N/A | T77: =VLOOKUP(Q77,[2]Sheet2!$D:$F,3,FALSE) -> #N/A | U77: =VLOOKUP(Q77,[2]Sheet2!$D:$G,4,FALSE) -> #N/A
A78: Name as Pasport | B78: — | C78: — | D78: ✔ | E78: — | F78: EXP | G78: active | H78: VARCHAR(100) | I78: — | J78: YES | K78: =VLOOKUP(A78,[1]Sheet4!A:B,2,FALSE) -> 0 | M78: =VLOOKUP(K78,[3]Combined_Columns!$A:$E,5,FALSE) -> #N/A | O78: YES | P78: Name as Pasport | Q78: name_as_passport | R78: employee_travel | S78: =VLOOKUP(Q78,[2]Sheet2!$D:$E,2,FALSE) -> #N/A | T78: =VLOOKUP(Q78,[2]Sheet2!$D:$F,3,FALSE) -> #N/A | U78: =VLOOKUP(Q78,[2]Sheet2!$D:$G,4,FALSE) -> #N/A
A79: Personal email | B79: — | C79: — | D79: ✔ | E79: — | F79: EXP | G79: active | H79: VARCHAR(150) | I79: EXP | J79: YES | K79: email | L79: =VLOOKUP(K79,[3]Combined_Columns!$A:$B,2,FALSE) -> employee_contact | M79: =VLOOKUP(K79,[3]Combined_Columns!$A:$E,5,FALSE) -> varchar | N79: =ISERROR(SEARCH(M79, H79)) -> FALSE | O79: NO | P79: Personal email | Q79: email | R79: employee_contact | S79: =VLOOKUP(Q79,[2]Sheet2!$D:$E,2,FALSE) -> Public | T79: =VLOOKUP(Q79,[2]Sheet2!$D:$F,3,FALSE) -> Public | U79: =VLOOKUP(Q79,[2]Sheet2!$D:$G,4,FALSE) -> Public
A80: Passport Expiry | B80: — | C80: — | D80: ✔ | E80: — | F80: EXP | G80: active | H80: DATE | I80: — | J80: YES | K80: =VLOOKUP(A80,[1]Sheet4!A:B,2,FALSE) -> 0 | M80: =VLOOKUP(K80,[3]Combined_Columns!$A:$E,5,FALSE) -> #N/A | O80: YES | P80: Passport Expiry | Q80: passport_expiry | R80: employee_travel | S80: =VLOOKUP(Q80,[2]Sheet2!$D:$E,2,FALSE) -> #N/A | T80: =VLOOKUP(Q80,[2]Sheet2!$D:$F,3,FALSE) -> #N/A | U80: =VLOOKUP(Q80,[2]Sheet2!$D:$G,4,FALSE) -> #N/A
A81: KITAS Expiry | B81: — | C81: — | D81: ✔ | E81: — | F81: EXP | G81: active | H81: DATE | I81: — | J81: YES | K81: =VLOOKUP(A81,[1]Sheet4!A:B,2,FALSE) -> 0 | M81: =VLOOKUP(K81,[3]Combined_Columns!$A:$E,5,FALSE) -> #N/A | O81: YES | P81: KITAS Expiry | Q81: kitas_expiry | R81: employee_travel | S81: =VLOOKUP(Q81,[2]Sheet2!$D:$E,2,FALSE) -> #N/A | T81: =VLOOKUP(Q81,[2]Sheet2!$D:$F,3,FALSE) -> #N/A | U81: =VLOOKUP(Q81,[2]Sheet2!$D:$G,4,FALSE) -> #N/A
A82: IMTA | B82: — | C82: — | D82: ✔ | E82: — | F82: EXP | G82: active | H82: VARCHAR(50) | I82: — | J82: YES | K82: =VLOOKUP(A82,[1]Sheet4!A:B,2,FALSE) -> 0 | M82: =VLOOKUP(K82,[3]Combined_Columns!$A:$E,5,FALSE) -> #N/A | O82: YES | P82: IMTA | Q82: imta | R82: employee_travel | S82: =VLOOKUP(Q82,[2]Sheet2!$D:$E,2,FALSE) -> #N/A | T82: =VLOOKUP(Q82,[2]Sheet2!$D:$F,3,FALSE) -> #N/A | U82: =VLOOKUP(Q82,[2]Sheet2!$D:$G,4,FALSE) -> #N/A
A83: RPTKA No | B83: — | C83: — | D83: ✔ | E83: — | F83: EXP | G83: active | H83: VARCHAR(50) | I83: — | J83: YES | K83: =VLOOKUP(A83,[1]Sheet4!A:B,2,FALSE) -> 0 | M83: =VLOOKUP(K83,[3]Combined_Columns!$A:$E,5,FALSE) -> #N/A | O83: YES | P83: RPTKA No | Q83: rptka_no | R83: employee_travel | S83: =VLOOKUP(Q83,[2]Sheet2!$D:$E,2,FALSE) -> #N/A | T83: =VLOOKUP(Q83,[2]Sheet2!$D:$F,3,FALSE) -> #N/A | U83: =VLOOKUP(Q83,[2]Sheet2!$D:$G,4,FALSE) -> #N/A
A84: RPTKA Position | B84: — | C84: — | D84: ✔ | E84: — | F84: EXP | G84: active | H84: VARCHAR(100) | I84: — | J84: YES | K84: =VLOOKUP(A84,[1]Sheet4!A:B,2,FALSE) -> 0 | M84: =VLOOKUP(K84,[3]Combined_Columns!$A:$E,5,FALSE) -> #N/A | O84: YES | P84: RPTKA Position | Q84: rptka_position | R84: employee_travel | S84: =VLOOKUP(Q84,[2]Sheet2!$D:$E,2,FALSE) -> #N/A | T84: =VLOOKUP(Q84,[2]Sheet2!$D:$F,3,FALSE) -> #N/A | U84: =VLOOKUP(Q84,[2]Sheet2!$D:$G,4,FALSE) -> #N/A
A85: KITAS Address | B85: — | C85: — | D85: ✔ | E85: — | F85: EXP | G85: active | H85: VARCHAR(255) | I85: — | J85: YES | K85: =VLOOKUP(A85,[1]Sheet4!A:B,2,FALSE) -> 0 | M85: =VLOOKUP(K85,[3]Combined_Columns!$A:$E,5,FALSE) -> #N/A | O85: YES | P85: KITAS Address | Q85: kitas_address | R85: employee_travel | S85: =VLOOKUP(Q85,[2]Sheet2!$D:$E,2,FALSE) -> #N/A | T85: =VLOOKUP(Q85,[2]Sheet2!$D:$F,3,FALSE) -> #N/A | U85: =VLOOKUP(Q85,[2]Sheet2!$D:$G,4,FALSE) -> #N/A
A86: Job Tittle (Based on KITAS) | B86: — | C86: — | D86: ✔ | E86: — | F86: EXP | G86: active | H86: VARCHAR(100) | I86: — | J86: YES | K86: =VLOOKUP(A86,[1]Sheet4!A:B,2,FALSE) -> 0 | M86: =VLOOKUP(K86,[3]Combined_Columns!$A:$E,5,FALSE) -> #N/A | O86: YES | P86: Job Tittle (Based on KITAS) | Q86: job_title_kitas | R86: employee_travel | S86: =VLOOKUP(Q86,[2]Sheet2!$D:$E,2,FALSE) -> #N/A | T86: =VLOOKUP(Q86,[2]Sheet2!$D:$F,3,FALSE) -> #N/A | U86: =VLOOKUP(Q86,[2]Sheet2!$D:$G,4,FALSE) -> #N/A
A87: ICBC Username | B87: — | C87: — | D87: ✔ | E87: — | F87: EXP | G87: active | H87: VARCHAR(50) | I87: — | J87: YES | K87: =VLOOKUP(A87,[1]Sheet4!A:B,2,FALSE) -> 0 | M87: =VLOOKUP(K87,[3]Combined_Columns!$A:$E,5,FALSE) -> #N/A | O87: YES | P87: ICBC Username | Q87: icbc_username | R87: employee_bank | S87: =VLOOKUP(Q87,[2]Sheet2!$D:$E,2,FALSE) -> #N/A | T87: =VLOOKUP(Q87,[2]Sheet2!$D:$F,3,FALSE) -> #N/A | U87: =VLOOKUP(Q87,[2]Sheet2!$D:$G,4,FALSE) -> #N/A
A88: Batch | B88: — | C88: — | D88: ✔ | E88: — | F88: EXP | G88: active | H88: VARCHAR(20) | I88: Batch number | J88: YES | K88: =VLOOKUP(A88,[1]Sheet4!A:B,2,FALSE) -> 0 | M88: =VLOOKUP(K88,[3]Combined_Columns!$A:$E,5,FALSE) -> #N/A | O88: YES | P88: Batch | Q88: batch | R88: employee_notes | S88: =VLOOKUP(Q88,[2]Sheet2!$D:$E,2,FALSE) -> #N/A | T88: =VLOOKUP(Q88,[2]Sheet2!$D:$F,3,FALSE) -> #N/A | U88: =VLOOKUP(Q88,[2]Sheet2!$D:$G,4,FALSE) -> #N/A
A89: Cek Document / Note | B89: — | C89: — | D89: ✔ | E89: — | F89: EXP | G89: active | H89: TEXT | I89: Free text | J89: YES | K89: =VLOOKUP(A89,[1]Sheet4!A:B,2,FALSE) -> 0 | M89: =VLOOKUP(K89,[3]Combined_Columns!$A:$E,5,FALSE) -> #N/A | O89: YES | P89: Cek Document / Note | Q89: note | R89: employee_notes | S89: =VLOOKUP(Q89,[2]Sheet2!$D:$E,2,FALSE) -> #N/A | T89: =VLOOKUP(Q89,[2]Sheet2!$D:$F,3,FALSE) -> #N/A | U89: =VLOOKUP(Q89,[2]Sheet2!$D:$G,4,FALSE) -> #N/A
A90: Paspor (Checklist) | B90: — | C90: — | D90: ✔ | E90: — | F90: EXP | G90: active | H90: BIT | J90: YES | K90: =VLOOKUP(A90,[1]Sheet4!A:B,2,FALSE) -> 0 | M90: =VLOOKUP(K90,[3]Combined_Columns!$A:$E,5,FALSE) -> #N/A | O90: YES | P90: Paspor (Checklist) | Q90: passport_checklist | R90: employee_checklist | S90: =VLOOKUP(Q90,[2]Sheet2!$D:$E,2,FALSE) -> #N/A | T90: =VLOOKUP(Q90,[2]Sheet2!$D:$F,3,FALSE) -> #N/A | U90: =VLOOKUP(Q90,[2]Sheet2!$D:$G,4,FALSE) -> #N/A
A91: KITAS (Checklist) | B91: — | C91: — | D91: ✔ | E91: — | F91: EXP | G91: active | H91: BIT | J91: YES | K91: =VLOOKUP(A91,[1]Sheet4!A:B,2,FALSE) -> 0 | M91: =VLOOKUP(K91,[3]Combined_Columns!$A:$E,5,FALSE) -> #N/A | O91: YES | P91: KITAS (Checklist) | Q91: kitas_checklist | R91: employee_checklist | S91: =VLOOKUP(Q91,[2]Sheet2!$D:$E,2,FALSE) -> #N/A | T91: =VLOOKUP(Q91,[2]Sheet2!$D:$F,3,FALSE) -> #N/A | U91: =VLOOKUP(Q91,[2]Sheet2!$D:$G,4,FALSE) -> #N/A
A92: IMTA (Checklist) | B92: — | C92: — | D92: ✔ | E92: — | F92: EXP | G92: active | H92: BIT | J92: YES | K92: =VLOOKUP(A92,[1]Sheet4!A:B,2,FALSE) -> 0 | M92: =VLOOKUP(K92,[3]Combined_Columns!$A:$E,5,FALSE) -> #N/A | O92: YES | P92: IMTA (Checklist) | Q92: imta_checklist | R92: employee_checklist | S92: =VLOOKUP(Q92,[2]Sheet2!$D:$E,2,FALSE) -> #N/A | T92: =VLOOKUP(Q92,[2]Sheet2!$D:$F,3,FALSE) -> #N/A | U92: =VLOOKUP(Q92,[2]Sheet2!$D:$G,4,FALSE) -> #N/A
A93: RPTKA (Checklist) | B93: — | C93: — | D93: ✔ | E93: — | F93: EXP | G93: active | H93: BIT | J93: YES | K93: =VLOOKUP(A93,[1]Sheet4!A:B,2,FALSE) -> 0 | M93: =VLOOKUP(K93,[3]Combined_Columns!$A:$E,5,FALSE) -> #N/A | O93: YES | P93: RPTKA (Checklist) | Q93: rptka_checklist | R93: employee_checklist | S93: =VLOOKUP(Q93,[2]Sheet2!$D:$E,2,FALSE) -> #N/A | T93: =VLOOKUP(Q93,[2]Sheet2!$D:$F,3,FALSE) -> #N/A | U93: =VLOOKUP(Q93,[2]Sheet2!$D:$G,4,FALSE) -> #N/A
A94: NPWP (Checklist) | B94: — | C94: — | D94: ✔ | E94: — | F94: EXP | G94: active | H94: BIT | J94: YES | K94: =VLOOKUP(A94,[1]Sheet4!A:B,2,FALSE) -> 0 | M94: =VLOOKUP(K94,[3]Combined_Columns!$A:$E,5,FALSE) -> #N/A | O94: YES | P94: NPWP (Checklist) | Q94: npwp_checklist | R94: employee_checklist | S94: =VLOOKUP(Q94,[2]Sheet2!$D:$E,2,FALSE) -> #N/A | T94: =VLOOKUP(Q94,[2]Sheet2!$D:$F,3,FALSE) -> #N/A | U94: =VLOOKUP(Q94,[2]Sheet2!$D:$G,4,FALSE) -> #N/A
A95: BPJS-KES (Checklist) | B95: — | C95: — | D95: ✔ | E95: — | F95: EXP | G95: active | H95: BIT | J95: YES | K95: =VLOOKUP(A95,[1]Sheet4!A:B,2,FALSE) -> 0 | M95: =VLOOKUP(K95,[3]Combined_Columns!$A:$E,5,FALSE) -> #N/A | O95: YES | P95: BPJS-KES (Checklist) | Q95: bpjs_kes_checklist | R95: employee_checklist | S95: =VLOOKUP(Q95,[2]Sheet2!$D:$E,2,FALSE) -> #N/A | T95: =VLOOKUP(Q95,[2]Sheet2!$D:$F,3,FALSE) -> #N/A | U95: =VLOOKUP(Q95,[2]Sheet2!$D:$G,4,FALSE) -> #N/A
A96: BPJS-TK (Checklist) | B96: — | C96: — | D96: ✔ | E96: — | F96: EXP | G96: active | H96: BIT | J96: YES | K96: =VLOOKUP(A96,[1]Sheet4!A:B,2,FALSE) -> 0 | M96: =VLOOKUP(K96,[3]Combined_Columns!$A:$E,5,FALSE) -> #N/A | O96: YES | P96: BPJS-TK (Checklist) | Q96: bpjs_tk_checklist | R96: employee_checklist | S96: =VLOOKUP(Q96,[2]Sheet2!$D:$E,2,FALSE) -> #N/A | T96: =VLOOKUP(Q96,[2]Sheet2!$D:$F,3,FALSE) -> #N/A | U96: =VLOOKUP(Q96,[2]Sheet2!$D:$G,4,FALSE) -> #N/A
A97: Bank (Checklist) | B97: — | C97: — | D97: ✔ | E97: — | F97: EXP | G97: active | H97: BIT | J97: YES | K97: =VLOOKUP(A97,[1]Sheet4!A:B,2,FALSE) -> 0 | M97: =VLOOKUP(K97,[3]Combined_Columns!$A:$E,5,FALSE) -> #N/A | O97: YES | P97: Bank (Checklist) | Q97: bank_checklist | R97: employee_checklist | S97: =VLOOKUP(Q97,[2]Sheet2!$D:$E,2,FALSE) -> #N/A | T97: =VLOOKUP(Q97,[2]Sheet2!$D:$F,3,FALSE) -> #N/A | U97: =VLOOKUP(Q97,[2]Sheet2!$D:$G,4,FALSE) -> #N/A
A98: Employee Status | B98: ✔ | C98: ✔ | D98: ✔ | E98: ✔ | F98: BOTH | G98: active | H98: VARCHAR(20) | J98: YES | K98: 0 | O98: YES | P98: Employee Status | Q98: status | R98: employee_employment
